,race,c-charge-degree,age-cat,priors-count,is-recid
1,0.0,0.0,1,0,0
2,0.0,0.0,0,2,0
3,0.0,0.0,0,1,1
6,1.0,0.0,1,2,0
8,1.0,1.0,1,0,1
9,1.0,0.0,0,1,0
10,1.0,0.0,1,0,1
11,0.0,1.0,0,1,0
12,1.0,1.0,1,0,1
13,0.0,0.0,1,0,1
14,1.0,0.0,2,1,0
15,0.0,0.0,1,2,0
17,0.0,0.0,1,1,1
18,1.0,0.0,1,2,0
19,1.0,0.0,1,2,0
20,0.0,0.0,2,2,0
21,0.0,0.0,0,1,0
22,1.0,1.0,1,0,0
23,1.0,0.0,0,0,1
25,1.0,1.0,1,1,1
27,0.0,0.0,1,2,0
28,1.0,0.0,1,1,1
29,0.0,0.0,1,2,0
30,0.0,0.0,1,0,0
31,1.0,0.0,1,2,0
32,0.0,0.0,1,2,0
33,1.0,0.0,2,0,1
35,1.0,1.0,1,2,1
36,1.0,1.0,1,2,0
37,1.0,1.0,0,1,0
38,0.0,0.0,1,2,0
39,1.0,1.0,1,0,1
40,0.0,0.0,0,1,1
41,0.0,1.0,2,1,1
42,1.0,1.0,1,1,0
43,0.0,0.0,2,2,1
44,0.0,0.0,1,0,0
45,1.0,1.0,1,2,0
46,0.0,0.0,1,2,0
47,1.0,1.0,2,0,1
48,0.0,1.0,1,2,0
49,0.0,0.0,1,0,1
50,1.0,0.0,1,1,0
52,1.0,0.0,2,2,0
54,0.0,0.0,1,2,0
55,0.0,0.0,0,1,0
57,0.0,1.0,2,2,1
58,1.0,0.0,2,2,1
59,0.0,0.0,1,2,1
60,0.0,1.0,2,2,0
61,0.0,0.0,1,2,0
62,1.0,1.0,1,2,0
63,0.0,0.0,0,1,0
64,0.0,0.0,0,1,0
65,0.0,0.0,1,2,0
67,0.0,0.0,1,2,0
69,0.0,1.0,2,0,1
72,0.0,1.0,1,1,1
73,0.0,0.0,1,2,0
74,1.0,0.0,1,1,0
75,0.0,0.0,1,1,1
76,0.0,1.0,0,1,0
77,1.0,0.0,0,0,1
78,0.0,0.0,1,1,0
79,1.0,0.0,1,1,0
80,0.0,0.0,1,0,1
81,0.0,1.0,1,1,1
82,0.0,1.0,1,2,0
84,0.0,0.0,1,2,0
86,0.0,0.0,0,1,0
87,0.0,1.0,0,1,0
88,0.0,1.0,1,1,1
89,0.0,0.0,1,2,0
90,1.0,0.0,1,2,0
92,1.0,0.0,1,2,0
93,0.0,1.0,2,2,1
94,1.0,0.0,0,0,1
95,1.0,0.0,1,1,0
96,1.0,0.0,2,1,1
97,1.0,1.0,2,0,1
99,0.0,1.0,0,1,0
100,0.0,0.0,0,1,1
101,0.0,0.0,1,1,1
102,1.0,0.0,1,0,0
103,1.0,0.0,0,2,0
104,1.0,0.0,1,0,1
105,1.0,1.0,1,0,1
106,1.0,0.0,1,1,1
107,0.0,0.0,2,2,0
108,1.0,0.0,1,1,1
109,0.0,0.0,0,1,0
110,1.0,1.0,1,2,0
111,1.0,0.0,1,0,1
112,0.0,0.0,1,2,0
113,0.0,0.0,1,1,1
114,1.0,0.0,1,1,0
115,0.0,0.0,1,2,0
116,0.0,0.0,0,0,0
117,0.0,0.0,1,2,0
118,0.0,1.0,1,1,1
120,1.0,0.0,1,2,0
121,0.0,0.0,1,1,0
122,0.0,0.0,2,2,1
123,1.0,1.0,2,1,1
124,0.0,0.0,1,2,0
125,1.0,1.0,2,1,1
126,1.0,0.0,0,2,0
127,1.0,0.0,1,2,1
128,1.0,0.0,1,1,1
129,1.0,1.0,1,1,1
130,1.0,0.0,1,1,1
132,1.0,1.0,1,0,0
133,0.0,1.0,0,0,1
134,1.0,0.0,1,2,0
135,1.0,1.0,1,1,0
137,0.0,0.0,1,1,0
138,1.0,1.0,1,1,0
139,0.0,1.0,1,1,0
140,1.0,0.0,2,1,0
141,1.0,0.0,2,2,1
142,0.0,0.0,0,1,1
143,1.0,1.0,1,0,1
144,0.0,0.0,1,2,0
145,0.0,0.0,1,2,0
146,0.0,1.0,1,2,0
147,0.0,0.0,1,0,0
148,0.0,0.0,1,2,0
149,0.0,0.0,1,1,0
150,0.0,0.0,0,0,1
151,1.0,1.0,1,0,1
152,0.0,0.0,2,1,0
155,0.0,0.0,1,2,0
158,0.0,1.0,1,1,0
159,0.0,1.0,2,1,1
160,1.0,1.0,1,1,1
161,1.0,0.0,1,1,0
162,0.0,0.0,1,1,1
163,1.0,1.0,2,1,1
164,0.0,0.0,0,1,1
165,1.0,0.0,2,2,0
166,1.0,0.0,2,2,1
167,1.0,0.0,1,0,1
168,0.0,1.0,1,1,0
170,0.0,0.0,1,2,1
172,0.0,0.0,2,2,1
173,1.0,0.0,1,2,1
174,1.0,0.0,2,1,1
176,0.0,1.0,1,2,0
179,1.0,1.0,2,1,0
180,1.0,0.0,2,0,1
182,0.0,0.0,1,2,0
183,0.0,0.0,0,1,0
184,0.0,1.0,2,2,0
185,0.0,1.0,0,0,0
187,1.0,0.0,1,1,0
188,0.0,0.0,2,1,0
189,1.0,1.0,2,2,0
191,0.0,0.0,1,2,0
192,0.0,1.0,1,1,0
193,1.0,0.0,1,0,0
194,0.0,0.0,1,2,0
195,1.0,0.0,2,1,1
196,0.0,0.0,0,0,0
197,0.0,1.0,1,1,0
198,0.0,1.0,0,1,1
200,1.0,0.0,2,1,1
201,1.0,1.0,1,0,1
202,1.0,1.0,1,2,1
203,0.0,0.0,1,2,0
205,0.0,0.0,1,1,0
206,0.0,1.0,1,0,1
207,0.0,0.0,1,0,1
208,1.0,0.0,1,2,0
209,1.0,0.0,1,2,0
210,0.0,0.0,1,1,1
211,1.0,1.0,1,1,1
212,0.0,0.0,1,1,1
213,1.0,0.0,2,2,0
214,0.0,0.0,1,2,1
215,0.0,1.0,1,1,1
216,0.0,0.0,2,1,1
218,1.0,0.0,2,1,1
219,1.0,1.0,2,0,0
220,1.0,1.0,2,0,1
222,0.0,0.0,2,0,1
223,1.0,0.0,1,2,0
224,0.0,0.0,1,1,1
225,0.0,1.0,1,2,1
226,0.0,0.0,1,2,0
227,0.0,1.0,1,0,0
229,0.0,0.0,2,2,1
230,0.0,0.0,0,1,1
231,0.0,0.0,1,1,0
232,0.0,1.0,1,0,1
233,1.0,0.0,2,0,1
234,1.0,0.0,1,2,0
235,0.0,0.0,2,0,1
236,1.0,0.0,1,1,1
237,0.0,1.0,1,2,0
238,1.0,0.0,1,1,1
239,0.0,0.0,0,0,1
240,0.0,0.0,1,2,1
242,1.0,0.0,1,0,0
243,1.0,0.0,1,0,0
244,0.0,0.0,1,2,1
245,0.0,1.0,1,2,1
246,1.0,1.0,2,1,1
247,0.0,0.0,1,2,0
248,1.0,1.0,1,2,0
249,0.0,0.0,1,0,1
250,1.0,1.0,0,1,0
253,1.0,0.0,1,2,0
254,1.0,0.0,1,2,1
255,0.0,1.0,0,1,0
256,1.0,1.0,0,1,0
257,0.0,1.0,1,1,0
260,1.0,0.0,0,2,0
262,0.0,1.0,1,1,1
263,0.0,0.0,0,1,0
264,0.0,0.0,1,1,0
266,0.0,0.0,1,2,1
267,1.0,1.0,1,1,0
268,0.0,0.0,1,1,1
269,0.0,0.0,0,0,1
271,0.0,0.0,2,0,1
272,0.0,0.0,0,0,0
273,0.0,0.0,2,0,1
274,0.0,0.0,2,2,0
275,1.0,0.0,1,0,1
276,1.0,0.0,1,0,0
277,0.0,0.0,1,2,0
278,0.0,1.0,0,1,0
279,1.0,0.0,0,1,1
280,0.0,0.0,1,1,1
281,1.0,0.0,1,1,1
282,0.0,1.0,1,1,1
284,0.0,1.0,1,2,1
285,0.0,0.0,2,1,0
286,0.0,0.0,1,0,1
287,1.0,0.0,1,1,1
288,0.0,1.0,1,1,0
289,1.0,1.0,2,1,1
290,1.0,0.0,2,2,0
291,1.0,0.0,2,1,1
292,0.0,1.0,0,0,0
293,0.0,1.0,1,1,0
295,1.0,1.0,1,2,1
296,0.0,0.0,0,1,0
297,0.0,1.0,1,2,1
298,1.0,0.0,0,0,0
299,0.0,0.0,1,2,0
300,0.0,0.0,1,1,1
301,0.0,0.0,1,2,0
303,1.0,1.0,1,1,0
304,1.0,0.0,2,1,1
305,0.0,1.0,0,0,1
306,0.0,0.0,0,1,0
307,0.0,1.0,0,2,0
308,1.0,0.0,2,0,1
309,0.0,1.0,1,2,0
310,1.0,0.0,1,2,1
312,0.0,0.0,1,2,1
314,0.0,1.0,1,0,1
315,1.0,1.0,1,0,0
316,1.0,1.0,1,1,0
317,1.0,0.0,1,0,1
319,0.0,0.0,1,0,1
320,0.0,0.0,0,0,0
321,1.0,1.0,2,0,1
322,1.0,1.0,2,0,1
323,0.0,0.0,1,2,1
324,0.0,0.0,0,0,0
325,1.0,0.0,2,2,1
326,1.0,0.0,1,2,1
327,0.0,0.0,0,1,0
328,1.0,0.0,2,2,0
329,1.0,1.0,1,1,0
330,0.0,0.0,2,1,1
332,0.0,0.0,1,0,1
333,1.0,1.0,1,1,0
335,1.0,0.0,1,1,1
336,0.0,0.0,0,0,0
337,1.0,1.0,1,0,1
338,0.0,0.0,0,0,1
339,0.0,0.0,1,1,0
341,0.0,0.0,1,0,1
342,1.0,1.0,1,0,1
345,0.0,0.0,1,1,1
346,0.0,0.0,1,2,0
347,0.0,0.0,0,1,1
348,0.0,0.0,2,1,1
350,1.0,0.0,1,0,1
351,0.0,0.0,0,1,0
354,1.0,0.0,0,0,1
355,1.0,1.0,2,0,1
356,1.0,0.0,0,1,1
357,0.0,1.0,1,2,0
358,1.0,0.0,0,0,1
359,0.0,0.0,0,0,0
360,0.0,0.0,2,1,1
361,0.0,1.0,1,1,0
362,1.0,1.0,2,0,1
363,0.0,1.0,1,0,1
364,0.0,0.0,0,1,0
368,1.0,0.0,1,0,1
369,0.0,0.0,0,1,0
370,1.0,1.0,0,1,0
371,0.0,0.0,2,2,1
372,0.0,0.0,0,2,0
373,0.0,0.0,0,0,0
374,1.0,1.0,1,1,1
375,1.0,1.0,2,1,0
376,1.0,0.0,1,0,0
377,0.0,0.0,1,2,0
378,1.0,1.0,2,1,1
379,0.0,0.0,0,0,1
380,0.0,0.0,1,1,1
381,0.0,1.0,1,1,1
382,1.0,1.0,0,1,1
383,0.0,0.0,1,2,0
384,0.0,0.0,0,2,0
385,1.0,1.0,0,1,1
386,0.0,0.0,1,2,0
387,0.0,0.0,1,1,1
388,0.0,0.0,2,1,1
389,0.0,0.0,2,1,1
390,0.0,0.0,1,2,0
391,1.0,0.0,2,2,0
392,1.0,1.0,2,0,1
393,0.0,0.0,1,2,0
394,0.0,0.0,1,2,0
395,1.0,1.0,1,1,1
397,1.0,0.0,2,2,0
398,0.0,0.0,1,2,0
399,0.0,0.0,1,1,1
400,0.0,1.0,0,0,0
401,0.0,0.0,1,2,1
402,1.0,0.0,1,0,1
403,1.0,0.0,2,1,1
404,0.0,0.0,2,2,1
405,0.0,0.0,1,2,0
406,1.0,0.0,2,2,0
407,0.0,0.0,1,1,1
410,1.0,1.0,1,0,1
411,1.0,1.0,2,0,1
412,0.0,0.0,0,0,1
413,0.0,0.0,1,1,0
414,0.0,0.0,2,2,1
415,1.0,1.0,1,0,0
417,1.0,0.0,0,0,1
418,1.0,1.0,2,1,1
419,0.0,1.0,1,2,0
420,1.0,0.0,0,1,0
421,0.0,0.0,1,2,0
423,0.0,0.0,0,0,0
424,1.0,1.0,1,0,0
425,0.0,0.0,1,2,1
426,0.0,1.0,2,2,0
427,0.0,0.0,0,1,1
429,1.0,0.0,1,0,1
430,0.0,0.0,2,1,0
431,1.0,1.0,1,1,1
432,0.0,0.0,1,1,1
433,1.0,0.0,0,1,0
434,1.0,0.0,1,0,1
435,0.0,0.0,1,1,1
436,0.0,0.0,0,1,0
437,1.0,0.0,0,1,0
438,1.0,1.0,1,1,1
439,1.0,0.0,0,0,1
440,1.0,1.0,1,0,1
442,0.0,0.0,0,1,0
444,0.0,1.0,0,1,0
445,1.0,0.0,2,2,1
446,0.0,0.0,2,1,1
447,0.0,1.0,1,1,1
448,0.0,0.0,1,2,1
449,1.0,1.0,0,0,1
450,0.0,0.0,2,2,1
451,0.0,0.0,2,1,0
452,1.0,1.0,1,0,0
454,0.0,1.0,1,2,0
455,0.0,0.0,2,2,1
456,0.0,1.0,1,1,0
457,0.0,0.0,1,1,0
458,1.0,0.0,2,2,0
459,1.0,0.0,1,1,0
461,0.0,0.0,2,2,0
462,0.0,0.0,1,2,0
463,0.0,0.0,1,2,1
464,1.0,0.0,2,1,1
465,0.0,0.0,1,0,1
466,0.0,0.0,0,2,0
467,0.0,0.0,2,2,0
468,0.0,0.0,1,2,0
469,0.0,0.0,0,2,0
470,0.0,1.0,2,1,1
471,0.0,1.0,2,2,0
472,1.0,1.0,0,1,0
473,0.0,1.0,1,1,1
474,0.0,0.0,0,1,0
475,1.0,0.0,2,0,1
477,1.0,0.0,1,1,1
478,1.0,0.0,2,1,1
479,1.0,0.0,1,2,0
480,1.0,0.0,2,0,1
482,1.0,0.0,2,1,0
486,1.0,0.0,0,2,0
487,1.0,1.0,0,1,0
488,0.0,1.0,1,1,1
490,0.0,0.0,1,1,1
491,1.0,1.0,1,0,1
492,1.0,0.0,1,2,0
493,1.0,1.0,1,0,0
494,0.0,1.0,2,0,1
495,0.0,0.0,1,2,0
496,1.0,1.0,2,0,1
497,0.0,0.0,1,0,1
499,0.0,0.0,1,2,0
500,1.0,1.0,1,1,0
503,0.0,0.0,2,2,0
504,1.0,0.0,1,1,1
505,1.0,1.0,2,1,1
506,1.0,0.0,1,1,1
507,0.0,0.0,1,1,1
508,1.0,1.0,2,2,1
509,0.0,1.0,1,2,1
511,0.0,1.0,1,0,1
512,1.0,1.0,2,0,1
515,0.0,1.0,1,1,1
516,0.0,0.0,1,2,1
518,0.0,0.0,2,2,0
519,0.0,0.0,1,2,0
520,1.0,0.0,0,0,1
521,1.0,0.0,2,1,0
522,0.0,1.0,2,0,0
523,0.0,1.0,2,2,1
524,0.0,0.0,0,0,0
525,1.0,0.0,1,2,0
526,1.0,0.0,0,0,1
527,1.0,1.0,0,0,1
528,1.0,0.0,1,2,0
529,0.0,1.0,1,1,0
530,0.0,0.0,1,0,1
531,0.0,0.0,1,2,0
532,1.0,0.0,1,1,0
533,1.0,0.0,0,0,0
535,1.0,0.0,1,0,1
537,0.0,0.0,1,0,1
538,0.0,0.0,1,2,0
539,1.0,1.0,0,2,0
540,1.0,0.0,0,2,0
542,1.0,1.0,2,1,1
543,0.0,0.0,1,2,0
545,1.0,0.0,2,1,0
546,0.0,1.0,1,1,1
547,0.0,0.0,1,0,1
548,1.0,0.0,0,1,1
550,0.0,0.0,1,2,1
551,0.0,0.0,2,2,1
552,0.0,0.0,1,1,0
554,0.0,0.0,1,1,0
555,0.0,0.0,0,1,0
556,1.0,1.0,2,1,1
557,0.0,0.0,0,1,0
558,0.0,1.0,2,1,1
559,0.0,0.0,1,0,1
560,1.0,0.0,1,1,1
561,0.0,0.0,1,2,0
562,0.0,1.0,1,0,1
563,0.0,0.0,0,1,1
564,1.0,0.0,1,1,0
565,1.0,0.0,1,2,1
567,0.0,1.0,1,2,0
568,1.0,1.0,1,2,1
569,0.0,0.0,1,2,0
570,1.0,1.0,1,0,1
571,0.0,0.0,1,2,0
573,0.0,1.0,1,0,1
574,1.0,0.0,0,1,1
576,1.0,1.0,2,1,0
577,1.0,0.0,2,2,0
578,1.0,0.0,1,2,0
579,1.0,1.0,2,0,0
580,1.0,1.0,2,0,1
581,0.0,0.0,1,2,0
582,1.0,1.0,0,0,1
583,1.0,1.0,0,1,1
585,0.0,0.0,0,2,0
588,0.0,0.0,0,2,0
589,0.0,0.0,1,2,0
590,0.0,1.0,1,0,0
591,1.0,0.0,0,0,1
592,0.0,1.0,1,0,1
595,1.0,0.0,0,0,1
596,0.0,0.0,0,1,1
597,0.0,1.0,1,1,0
598,0.0,1.0,1,1,0
599,0.0,0.0,2,2,0
600,0.0,0.0,1,0,1
601,0.0,0.0,0,2,0
602,0.0,0.0,1,1,1
604,0.0,1.0,1,1,1
605,1.0,0.0,1,2,0
606,0.0,1.0,1,1,1
607,1.0,1.0,2,0,1
608,1.0,1.0,1,1,1
609,0.0,1.0,1,2,0
610,1.0,0.0,1,0,1
611,0.0,0.0,0,0,0
613,0.0,0.0,1,2,0
614,1.0,1.0,2,0,1
616,1.0,1.0,1,1,0
617,0.0,0.0,1,2,1
618,0.0,1.0,1,2,1
619,0.0,1.0,2,2,0
620,1.0,0.0,0,1,1
621,0.0,1.0,0,0,1
622,1.0,0.0,0,1,0
623,0.0,1.0,1,1,1
624,0.0,1.0,1,0,1
625,0.0,0.0,2,2,0
626,0.0,0.0,0,2,0
628,0.0,0.0,0,2,0
629,1.0,0.0,1,1,0
630,1.0,1.0,1,2,1
631,1.0,0.0,1,1,1
632,1.0,0.0,0,1,0
633,0.0,0.0,1,0,1
634,0.0,0.0,1,2,0
635,1.0,0.0,1,0,0
637,0.0,0.0,2,2,0
638,1.0,1.0,2,0,0
639,0.0,0.0,0,0,1
640,0.0,0.0,0,0,1
641,0.0,0.0,1,0,1
642,1.0,0.0,0,1,0
643,1.0,0.0,0,1,0
644,1.0,0.0,1,1,0
645,0.0,0.0,1,2,0
646,0.0,0.0,1,2,1
647,1.0,0.0,2,1,1
648,0.0,0.0,0,2,1
649,1.0,0.0,1,1,0
650,0.0,0.0,1,0,0
651,0.0,0.0,0,1,0
652,0.0,0.0,1,2,0
653,0.0,0.0,1,2,0
654,1.0,0.0,1,1,0
655,0.0,0.0,1,2,0
656,0.0,0.0,2,2,1
657,0.0,0.0,0,1,1
658,0.0,1.0,1,1,0
660,0.0,1.0,2,1,0
661,0.0,1.0,1,0,1
662,0.0,0.0,1,0,1
663,1.0,1.0,2,1,1
665,0.0,0.0,0,0,1
666,0.0,0.0,1,2,1
668,1.0,0.0,1,2,1
669,0.0,1.0,1,1,1
671,0.0,1.0,1,0,1
672,1.0,0.0,2,1,1
673,0.0,1.0,1,0,1
674,0.0,1.0,1,0,0
675,0.0,0.0,2,2,0
676,0.0,0.0,0,1,1
677,1.0,1.0,1,0,1
678,1.0,0.0,1,2,0
680,0.0,1.0,0,1,0
681,0.0,0.0,1,1,1
683,1.0,0.0,2,1,0
684,0.0,0.0,1,2,0
685,0.0,0.0,1,1,1
686,0.0,0.0,1,2,1
687,0.0,1.0,1,2,1
688,0.0,1.0,1,1,1
689,0.0,0.0,1,2,0
690,1.0,0.0,2,1,1
691,0.0,1.0,1,1,0
692,0.0,0.0,0,1,1
693,0.0,0.0,1,2,0
694,1.0,0.0,2,1,0
695,0.0,0.0,2,2,0
696,0.0,1.0,1,1,1
697,0.0,1.0,0,1,1
698,0.0,0.0,1,1,1
699,0.0,0.0,2,0,1
700,0.0,0.0,1,2,1
701,0.0,1.0,1,2,0
702,0.0,0.0,1,2,0
703,1.0,0.0,1,1,1
704,1.0,0.0,2,2,0
705,1.0,0.0,2,1,1
706,0.0,0.0,1,2,1
707,0.0,0.0,1,0,1
709,1.0,0.0,2,1,1
710,0.0,0.0,0,0,0
711,0.0,0.0,1,2,0
712,0.0,1.0,1,1,1
713,0.0,0.0,2,2,0
714,0.0,1.0,2,0,1
715,0.0,0.0,0,1,1
716,1.0,0.0,1,1,0
717,1.0,0.0,2,0,1
718,1.0,1.0,1,0,0
720,1.0,1.0,0,0,1
721,1.0,0.0,1,0,0
722,1.0,1.0,2,0,1
723,1.0,1.0,1,1,1
724,1.0,0.0,0,1,1
726,0.0,0.0,0,0,1
727,1.0,0.0,1,2,0
728,1.0,0.0,1,1,1
729,1.0,0.0,0,1,0
730,0.0,0.0,2,0,0
731,0.0,0.0,1,2,0
732,0.0,0.0,2,1,1
733,1.0,0.0,2,1,1
734,0.0,0.0,0,2,0
735,0.0,0.0,0,0,1
736,0.0,0.0,1,0,1
737,0.0,0.0,0,0,1
738,0.0,0.0,2,2,1
739,0.0,0.0,1,2,0
740,0.0,0.0,0,0,1
741,1.0,1.0,0,0,1
743,1.0,0.0,1,2,0
744,0.0,0.0,0,0,0
745,1.0,0.0,2,0,1
746,1.0,0.0,0,1,1
747,0.0,1.0,1,2,0
748,0.0,1.0,1,1,1
749,0.0,0.0,2,2,1
750,0.0,1.0,1,2,1
751,0.0,0.0,1,0,1
752,0.0,0.0,0,0,0
753,0.0,0.0,1,1,1
754,0.0,0.0,0,1,0
755,0.0,0.0,1,2,0
757,0.0,0.0,2,2,0
760,1.0,0.0,0,1,0
761,0.0,0.0,0,0,1
763,1.0,0.0,2,2,0
764,0.0,0.0,2,0,1
765,0.0,0.0,0,0,0
766,0.0,0.0,1,2,0
767,0.0,0.0,1,2,0
769,0.0,0.0,1,2,0
770,0.0,1.0,1,1,1
771,0.0,1.0,1,1,1
774,0.0,1.0,1,0,1
775,0.0,0.0,1,2,0
776,1.0,1.0,1,0,1
777,1.0,1.0,2,0,1
778,0.0,0.0,1,2,1
779,0.0,0.0,1,2,1
780,1.0,1.0,0,1,0
781,1.0,0.0,0,1,0
782,1.0,0.0,0,0,0
783,0.0,0.0,2,2,1
784,1.0,0.0,2,0,1
786,0.0,0.0,1,1,1
787,1.0,1.0,1,0,1
788,0.0,0.0,0,1,0
789,1.0,1.0,1,1,1
790,0.0,0.0,0,0,0
791,0.0,0.0,1,2,0
793,0.0,1.0,2,0,1
795,1.0,0.0,1,1,0
796,1.0,1.0,2,1,1
797,1.0,0.0,0,0,1
798,0.0,1.0,0,1,0
799,0.0,1.0,1,1,1
801,1.0,0.0,1,1,1
802,0.0,0.0,1,1,0
803,0.0,1.0,1,0,1
804,0.0,0.0,1,0,1
806,0.0,0.0,1,2,0
807,1.0,1.0,0,1,0
808,0.0,0.0,0,1,0
810,1.0,0.0,1,1,1
811,0.0,0.0,1,2,1
812,0.0,0.0,0,0,1
813,1.0,1.0,1,0,1
814,1.0,0.0,1,2,1
815,0.0,1.0,2,2,1
816,0.0,0.0,1,2,0
817,0.0,1.0,1,0,1
818,1.0,1.0,1,1,0
819,0.0,1.0,1,2,0
820,0.0,0.0,1,2,1
821,1.0,1.0,1,1,0
823,1.0,1.0,1,0,1
824,1.0,0.0,2,1,1
825,0.0,1.0,1,1,0
826,0.0,0.0,0,1,1
827,1.0,1.0,1,1,0
828,0.0,0.0,1,2,0
831,0.0,0.0,1,2,1
832,0.0,0.0,1,1,0
833,0.0,0.0,2,2,0
834,0.0,1.0,0,1,0
835,0.0,1.0,2,2,0
836,1.0,0.0,1,2,0
837,0.0,1.0,2,2,0
838,0.0,1.0,1,2,1
839,1.0,1.0,2,2,0
840,0.0,0.0,1,1,0
841,0.0,1.0,1,1,1
842,0.0,1.0,0,0,0
843,0.0,0.0,1,2,0
845,1.0,0.0,2,0,1
846,0.0,1.0,0,1,0
847,1.0,1.0,1,2,0
848,1.0,1.0,1,1,0
849,0.0,0.0,0,1,1
850,0.0,0.0,0,1,0
851,1.0,0.0,0,1,0
852,0.0,1.0,1,2,0
853,1.0,0.0,2,1,1
854,0.0,0.0,0,2,0
855,1.0,0.0,1,0,1
856,1.0,0.0,2,0,1
858,0.0,1.0,0,2,1
859,1.0,1.0,0,0,1
860,0.0,0.0,0,1,0
861,0.0,0.0,1,1,1
862,0.0,1.0,1,2,1
863,0.0,0.0,1,2,0
864,1.0,0.0,0,1,1
865,0.0,0.0,1,0,0
866,0.0,1.0,1,2,0
867,0.0,0.0,0,0,1
868,0.0,0.0,1,2,0
870,0.0,1.0,2,2,0
871,0.0,0.0,1,2,1
872,1.0,0.0,1,0,1
873,0.0,0.0,2,0,1
874,0.0,0.0,0,1,1
875,0.0,1.0,1,1,1
876,1.0,0.0,0,1,0
877,1.0,0.0,1,1,1
878,0.0,0.0,0,2,0
880,0.0,0.0,1,1,1
881,1.0,1.0,1,2,1
882,1.0,0.0,2,1,0
884,0.0,0.0,1,1,1
886,0.0,0.0,2,1,1
887,1.0,1.0,0,1,0
888,0.0,0.0,1,2,1
889,1.0,0.0,1,1,0
890,0.0,0.0,1,1,1
892,0.0,0.0,1,2,0
893,1.0,0.0,1,0,0
894,1.0,0.0,2,1,0
897,0.0,1.0,1,1,0
898,0.0,0.0,1,1,0
899,0.0,1.0,1,2,0
901,1.0,1.0,1,0,1
902,0.0,0.0,1,0,0
903,1.0,1.0,1,2,0
904,1.0,1.0,1,1,1
905,1.0,1.0,2,0,1
906,1.0,0.0,0,0,1
909,0.0,1.0,1,2,0
910,0.0,0.0,0,1,0
911,0.0,0.0,2,1,0
912,0.0,1.0,1,0,1
913,1.0,0.0,2,1,1
914,0.0,1.0,1,2,0
915,1.0,0.0,2,1,0
916,0.0,0.0,2,1,0
917,0.0,0.0,0,1,0
918,0.0,0.0,1,2,0
919,0.0,1.0,2,1,1
920,1.0,0.0,1,1,1
921,0.0,1.0,2,0,1
922,0.0,0.0,0,2,0
923,0.0,1.0,1,2,0
924,0.0,0.0,1,1,1
928,1.0,1.0,1,1,1
930,1.0,0.0,2,2,0
931,0.0,0.0,1,2,0
932,0.0,0.0,0,1,1
933,0.0,0.0,1,2,0
935,1.0,0.0,1,1,1
936,0.0,0.0,0,1,1
937,0.0,1.0,1,1,0
938,0.0,0.0,0,2,0
939,1.0,0.0,1,0,1
940,1.0,0.0,0,0,1
941,0.0,1.0,1,1,0
942,0.0,0.0,2,0,0
943,0.0,0.0,1,2,0
944,1.0,0.0,1,1,1
945,1.0,0.0,1,2,1
946,1.0,1.0,0,0,1
947,1.0,1.0,0,0,0
948,0.0,0.0,2,0,1
949,0.0,0.0,1,2,0
950,1.0,1.0,0,0,1
952,0.0,0.0,0,1,0
954,0.0,1.0,1,2,0
956,0.0,0.0,1,2,0
957,0.0,1.0,2,2,0
958,1.0,1.0,0,1,0
959,1.0,0.0,1,1,1
960,0.0,1.0,1,0,0
961,0.0,0.0,0,0,1
963,0.0,1.0,2,2,0
964,0.0,0.0,1,0,1
965,0.0,1.0,0,2,1
966,0.0,1.0,1,1,1
967,1.0,0.0,1,2,0
968,0.0,1.0,0,1,0
970,0.0,1.0,1,2,0
971,0.0,1.0,1,2,0
972,0.0,0.0,1,1,1
973,0.0,0.0,0,1,0
974,1.0,0.0,1,2,0
975,1.0,0.0,2,1,1
976,0.0,0.0,1,2,0
977,1.0,1.0,1,0,1
978,0.0,0.0,0,0,0
979,1.0,0.0,1,2,0
980,0.0,1.0,0,0,1
982,0.0,1.0,1,0,1
983,0.0,1.0,2,1,1
984,0.0,0.0,1,2,0
985,0.0,1.0,2,2,1
987,0.0,0.0,1,1,0
989,1.0,0.0,0,1,1
990,0.0,1.0,0,1,1
992,0.0,0.0,1,2,1
993,0.0,1.0,1,2,0
997,0.0,0.0,1,1,1
998,0.0,0.0,1,1,1
1000,0.0,0.0,1,1,1
1001,1.0,0.0,1,2,1
1002,0.0,0.0,1,1,1
1003,0.0,0.0,1,0,1
1004,0.0,1.0,1,2,0
1005,0.0,1.0,1,2,0
1006,0.0,0.0,1,1,1
1007,0.0,0.0,1,2,0
1008,0.0,0.0,0,1,0
1009,1.0,0.0,2,1,1
1013,0.0,0.0,1,2,0
1014,0.0,0.0,2,0,1
1015,0.0,1.0,1,1,1
1016,1.0,1.0,0,1,1
1019,0.0,0.0,2,2,1
1020,0.0,0.0,1,2,0
1021,0.0,0.0,2,2,1
1023,0.0,1.0,1,2,0
1024,1.0,0.0,2,0,1
1025,0.0,0.0,1,1,1
1026,0.0,1.0,0,1,1
1027,0.0,1.0,1,1,0
1028,0.0,1.0,1,2,0
1029,0.0,1.0,2,1,1
1030,1.0,0.0,1,1,1
1031,1.0,1.0,2,2,1
1033,1.0,0.0,2,1,1
1034,0.0,1.0,1,1,0
1035,0.0,1.0,1,0,0
1036,1.0,1.0,2,0,1
1037,0.0,1.0,0,0,1
1038,0.0,0.0,2,2,0
1039,0.0,0.0,1,1,0
1040,0.0,0.0,1,0,1
1041,1.0,1.0,1,0,1
1042,1.0,1.0,1,1,0
1043,0.0,1.0,1,1,1
1044,0.0,1.0,1,2,0
1046,0.0,0.0,1,0,1
1047,0.0,0.0,1,2,0
1048,1.0,1.0,2,2,0
1049,0.0,0.0,2,2,1
1050,0.0,0.0,1,1,0
1051,1.0,0.0,1,0,1
1053,1.0,0.0,2,0,1
1054,0.0,0.0,2,1,1
1055,0.0,0.0,2,2,1
1056,0.0,0.0,0,2,0
1057,0.0,0.0,0,0,0
1058,0.0,0.0,1,0,0
1059,0.0,0.0,0,1,0
1060,0.0,0.0,1,1,1
1061,1.0,0.0,2,2,1
1062,1.0,0.0,2,1,0
1063,0.0,0.0,1,2,0
1064,1.0,0.0,1,1,1
1065,0.0,0.0,1,1,1
1066,0.0,0.0,2,2,0
1068,1.0,1.0,2,1,1
1069,1.0,1.0,1,1,1
1070,1.0,0.0,1,0,1
1072,0.0,0.0,0,1,0
1074,1.0,0.0,2,0,1
1075,0.0,0.0,2,1,0
1076,1.0,0.0,2,1,1
1077,1.0,1.0,1,2,1
1078,0.0,1.0,0,1,0
1080,0.0,0.0,1,0,1
1082,0.0,0.0,1,2,0
1084,1.0,1.0,1,1,1
1085,0.0,1.0,1,1,1
1086,1.0,0.0,2,1,0
1087,1.0,1.0,0,0,0
1088,0.0,1.0,1,2,1
1089,1.0,0.0,1,2,0
1090,0.0,0.0,0,1,0
1091,0.0,0.0,0,0,1
1092,1.0,1.0,1,2,0
1093,0.0,0.0,0,1,1
1094,1.0,1.0,2,1,1
1095,0.0,0.0,2,1,1
1096,1.0,0.0,2,2,1
1097,0.0,0.0,2,2,1
1098,1.0,0.0,1,1,1
1099,0.0,1.0,1,2,0
1100,1.0,0.0,0,1,1
1102,0.0,0.0,0,1,0
1103,0.0,1.0,0,2,0
1104,1.0,1.0,2,1,0
1105,1.0,1.0,1,2,1
1106,1.0,1.0,2,1,1
1109,1.0,1.0,0,0,1
1110,1.0,0.0,1,1,1
1111,0.0,1.0,1,0,0
1112,0.0,0.0,0,1,0
1113,0.0,0.0,1,2,0
1114,1.0,1.0,2,0,0
1115,0.0,0.0,1,2,1
1116,0.0,1.0,1,2,0
1117,0.0,0.0,0,0,1
1118,0.0,1.0,1,2,0
1119,1.0,1.0,1,0,0
1120,1.0,1.0,1,0,1
1121,1.0,0.0,1,1,1
1122,0.0,0.0,1,2,0
1123,1.0,0.0,1,2,1
1124,0.0,0.0,1,2,0
1125,0.0,0.0,1,2,0
1126,0.0,0.0,2,1,0
1127,1.0,0.0,2,1,0
1129,0.0,0.0,2,1,1
1130,1.0,1.0,1,2,0
1131,0.0,1.0,1,1,0
1132,0.0,0.0,2,2,1
1133,1.0,0.0,2,1,1
1134,1.0,1.0,2,2,1
1135,1.0,1.0,1,0,1
1136,1.0,1.0,1,0,1
1137,0.0,0.0,0,0,1
1138,0.0,0.0,1,2,1
1139,0.0,0.0,0,2,0
1141,1.0,1.0,1,1,0
1142,1.0,1.0,1,1,1
1143,1.0,1.0,2,0,1
1144,1.0,0.0,0,0,0
1145,1.0,0.0,2,0,1
1146,1.0,1.0,1,0,1
1147,0.0,0.0,0,0,1
1148,1.0,0.0,2,1,0
1149,1.0,1.0,1,0,1
1150,1.0,1.0,1,2,0
1151,1.0,0.0,1,2,0
1152,1.0,1.0,1,0,1
1153,0.0,1.0,0,1,1
1154,0.0,0.0,2,0,1
1155,0.0,0.0,0,1,0
1158,1.0,1.0,0,1,1
1159,0.0,0.0,0,0,0
1160,0.0,0.0,0,1,0
1161,0.0,0.0,1,1,1
1162,1.0,1.0,1,1,1
1164,0.0,1.0,1,2,0
1165,0.0,0.0,0,0,1
1167,0.0,0.0,1,2,0
1169,0.0,0.0,2,1,1
1171,0.0,0.0,0,0,0
1172,0.0,0.0,1,1,0
1173,0.0,0.0,1,2,0
1174,0.0,1.0,2,2,1
1175,0.0,1.0,0,0,1
1176,1.0,1.0,1,0,1
1177,0.0,1.0,1,1,1
1178,0.0,0.0,1,2,0
1179,1.0,0.0,1,1,0
1183,1.0,0.0,1,2,0
1184,0.0,0.0,1,2,0
1186,0.0,0.0,2,1,1
1187,1.0,1.0,1,1,1
1188,1.0,0.0,1,1,0
1190,1.0,1.0,2,1,1
1191,0.0,0.0,1,2,1
1192,1.0,0.0,1,0,1
1193,0.0,1.0,0,0,0
1194,0.0,0.0,1,1,1
1196,1.0,0.0,1,0,1
1197,1.0,0.0,2,2,1
1198,1.0,1.0,1,1,1
1200,1.0,0.0,2,2,0
1201,0.0,0.0,1,1,1
1202,0.0,0.0,0,1,1
1203,0.0,1.0,1,0,1
1204,1.0,0.0,1,0,0
1205,0.0,0.0,1,2,0
1206,0.0,0.0,1,2,0
1207,0.0,0.0,1,2,0
1208,1.0,0.0,1,0,1
1209,0.0,0.0,1,1,1
1210,1.0,0.0,0,1,1
1211,0.0,1.0,1,0,0
1212,1.0,0.0,0,1,0
1213,0.0,0.0,1,1,0
1214,0.0,1.0,1,0,0
1215,0.0,0.0,1,1,0
1216,0.0,1.0,1,1,1
1217,1.0,0.0,1,0,1
1219,0.0,1.0,0,0,1
1220,1.0,1.0,2,0,1
1221,0.0,0.0,0,0,1
1222,0.0,0.0,1,1,0
1223,0.0,1.0,1,0,1
1224,1.0,0.0,1,1,1
1225,1.0,1.0,1,1,1
1226,1.0,1.0,1,1,0
1227,1.0,1.0,2,1,1
1228,0.0,1.0,0,1,0
1229,0.0,0.0,0,0,1
1231,0.0,1.0,1,0,0
1232,0.0,0.0,0,2,0
1235,0.0,0.0,2,2,1
1236,0.0,1.0,1,2,1
1237,0.0,1.0,1,1,0
1238,1.0,1.0,0,2,1
1239,0.0,1.0,1,0,0
1240,0.0,0.0,1,2,0
1241,1.0,0.0,0,1,0
1243,1.0,0.0,1,2,0
1244,1.0,0.0,1,0,0
1245,0.0,0.0,1,1,1
1247,1.0,1.0,1,1,1
1248,0.0,0.0,0,1,0
1249,1.0,1.0,0,0,0
1250,1.0,1.0,2,0,1
1251,1.0,0.0,2,1,0
1252,0.0,0.0,0,0,1
1253,0.0,0.0,0,0,1
1254,0.0,0.0,1,2,0
1255,1.0,0.0,2,1,1
1256,1.0,0.0,2,1,1
1257,1.0,0.0,1,0,0
1258,0.0,0.0,1,2,0
1259,1.0,1.0,1,2,0
1260,0.0,0.0,0,0,0
1262,1.0,1.0,2,2,1
1263,0.0,0.0,1,2,0
1266,1.0,1.0,2,1,1
1267,1.0,1.0,1,0,1
1268,1.0,1.0,1,1,1
1269,1.0,0.0,0,0,0
1270,0.0,1.0,1,0,1
1271,1.0,1.0,1,1,1
1272,0.0,0.0,0,0,0
1273,0.0,0.0,1,0,1
1274,1.0,0.0,2,2,1
1276,0.0,0.0,0,1,1
1277,0.0,1.0,0,0,1
1279,1.0,1.0,1,1,0
1282,1.0,1.0,1,0,1
1283,1.0,0.0,1,1,0
1284,0.0,0.0,1,2,0
1286,0.0,0.0,1,1,1
1288,0.0,0.0,1,1,1
1289,1.0,1.0,2,0,1
1290,0.0,0.0,1,1,1
1292,1.0,0.0,0,2,0
1293,0.0,0.0,1,1,1
1295,0.0,0.0,1,0,1
1296,0.0,0.0,0,0,0
1297,1.0,1.0,2,1,1
1298,1.0,1.0,2,2,1
1299,0.0,0.0,2,2,0
1300,0.0,0.0,1,2,0
1301,1.0,0.0,1,0,0
1302,1.0,1.0,1,2,0
1303,1.0,0.0,2,2,0
1304,0.0,1.0,1,0,1
1305,1.0,1.0,2,2,1
1306,0.0,0.0,0,0,0
1307,0.0,1.0,1,2,0
1308,0.0,1.0,1,0,1
1309,1.0,1.0,1,0,1
1310,0.0,0.0,0,2,0
1311,0.0,0.0,0,1,0
1314,1.0,0.0,2,2,1
1315,0.0,0.0,1,2,0
1316,0.0,0.0,1,0,0
1317,0.0,0.0,1,1,1
1318,0.0,0.0,2,1,1
1319,1.0,0.0,1,1,1
1320,0.0,0.0,1,0,0
1321,0.0,0.0,1,2,0
1322,0.0,1.0,1,0,1
1325,0.0,0.0,2,2,1
1327,1.0,1.0,0,1,1
1328,0.0,1.0,1,2,0
1329,0.0,0.0,0,1,0
1330,0.0,0.0,1,1,0
1331,1.0,0.0,1,0,0
1332,1.0,0.0,1,1,1
1333,0.0,1.0,0,0,1
1334,1.0,0.0,1,0,1
1335,0.0,0.0,0,2,1
1336,0.0,0.0,1,2,1
1337,0.0,0.0,1,2,0
1338,0.0,0.0,0,0,0
1340,0.0,0.0,1,1,0
1341,0.0,0.0,1,1,0
1342,0.0,0.0,2,1,1
1344,0.0,0.0,2,2,0
1345,1.0,1.0,1,1,1
1346,1.0,0.0,1,2,1
1347,0.0,0.0,0,0,1
1348,0.0,1.0,1,1,1
1349,0.0,1.0,1,2,0
1350,1.0,1.0,2,1,1
1352,1.0,1.0,0,0,1
1353,0.0,0.0,1,2,0
1354,0.0,1.0,1,1,1
1355,1.0,0.0,1,2,0
1356,0.0,1.0,1,1,1
1357,0.0,0.0,0,1,0
1358,1.0,0.0,1,0,0
1359,0.0,1.0,0,1,0
1360,0.0,0.0,1,0,1
1361,0.0,1.0,0,0,1
1362,0.0,0.0,2,2,1
1363,1.0,1.0,1,0,1
1364,0.0,1.0,1,1,1
1365,1.0,0.0,2,0,0
1366,1.0,0.0,2,2,0
1367,1.0,1.0,2,0,1
1368,0.0,0.0,1,1,1
1369,1.0,1.0,1,0,1
1370,1.0,0.0,1,2,0
1371,0.0,0.0,1,1,0
1374,0.0,0.0,0,0,0
1376,1.0,0.0,1,0,1
1377,0.0,0.0,0,1,1
1378,0.0,1.0,1,0,1
1379,0.0,0.0,0,1,0
1380,1.0,1.0,1,0,1
1381,0.0,0.0,1,1,1
1382,0.0,0.0,1,2,1
1383,1.0,1.0,1,1,0
1384,1.0,1.0,1,2,1
1385,1.0,0.0,0,2,0
1386,0.0,1.0,1,2,0
1387,0.0,0.0,1,1,0
1388,0.0,0.0,0,0,0
1389,1.0,1.0,2,1,0
1390,0.0,0.0,1,0,1
1393,0.0,1.0,0,1,1
1394,0.0,0.0,1,2,0
1395,1.0,0.0,2,1,1
1396,1.0,0.0,1,0,0
1397,1.0,0.0,1,0,0
1398,0.0,0.0,0,1,0
1399,0.0,0.0,1,0,1
1400,0.0,0.0,1,2,0
1401,0.0,0.0,1,0,0
1402,0.0,0.0,1,1,0
1403,1.0,1.0,1,1,0
1404,0.0,0.0,1,1,1
1405,0.0,0.0,0,1,0
1407,1.0,0.0,2,2,1
1408,1.0,0.0,2,1,0
1409,0.0,1.0,0,1,0
1410,1.0,1.0,2,1,1
1411,1.0,1.0,1,0,1
1412,0.0,1.0,1,0,1
1413,1.0,0.0,1,0,1
1414,0.0,1.0,2,0,0
1415,0.0,0.0,1,2,0
1417,1.0,0.0,1,1,1
1418,0.0,0.0,0,1,1
1419,0.0,0.0,0,1,1
1420,1.0,1.0,1,1,0
1421,0.0,0.0,1,1,0
1422,0.0,1.0,2,2,1
1424,0.0,0.0,1,2,0
1425,0.0,0.0,1,1,0
1426,0.0,1.0,1,0,1
1427,1.0,1.0,0,2,0
1428,1.0,0.0,1,1,0
1429,0.0,1.0,0,0,0
1431,1.0,0.0,1,2,0
1432,0.0,1.0,1,1,1
1433,0.0,0.0,1,2,0
1434,0.0,1.0,2,2,1
1435,0.0,0.0,1,2,0
1436,1.0,0.0,2,1,1
1437,1.0,0.0,2,1,1
1438,0.0,1.0,0,0,1
1439,0.0,1.0,1,1,1
1440,0.0,0.0,2,2,0
1441,0.0,0.0,1,1,0
1443,0.0,0.0,0,2,0
1444,0.0,0.0,1,1,0
1445,0.0,0.0,0,1,0
1446,0.0,0.0,1,1,1
1447,1.0,0.0,1,1,1
1448,0.0,1.0,1,1,1
1449,0.0,1.0,2,2,0
1450,1.0,1.0,2,1,0
1451,0.0,1.0,2,1,1
1453,1.0,0.0,0,1,1
1454,1.0,1.0,1,1,0
1455,0.0,0.0,0,1,0
1456,0.0,1.0,0,2,0
1457,1.0,0.0,0,1,0
1459,1.0,0.0,1,2,1
1460,0.0,0.0,1,2,0
1461,0.0,0.0,0,2,1
1462,1.0,1.0,1,2,1
1463,0.0,0.0,1,2,0
1464,1.0,1.0,2,0,0
1465,1.0,0.0,2,1,1
1466,0.0,0.0,0,1,1
1467,0.0,0.0,1,2,0
1468,0.0,0.0,0,1,1
1469,0.0,0.0,1,2,0
1471,1.0,0.0,2,0,1
1472,1.0,0.0,0,0,0
1473,0.0,0.0,1,2,1
1474,0.0,0.0,2,1,1
1475,0.0,1.0,0,0,0
1477,1.0,0.0,1,2,1
1478,0.0,0.0,2,1,1
1479,0.0,0.0,1,2,0
1481,1.0,1.0,2,2,0
1483,1.0,1.0,1,2,0
1484,1.0,1.0,2,0,0
1485,0.0,1.0,1,1,1
1486,0.0,0.0,0,2,0
1488,0.0,0.0,1,1,1
1489,0.0,1.0,1,2,0
1490,1.0,1.0,1,0,1
1491,0.0,0.0,1,2,1
1493,0.0,1.0,1,2,0
1494,1.0,1.0,0,1,0
1495,0.0,0.0,1,1,0
1496,1.0,1.0,2,1,1
1497,1.0,0.0,1,0,1
1498,1.0,0.0,1,0,1
1499,1.0,0.0,0,0,1
1500,1.0,0.0,0,2,0
1501,1.0,0.0,1,2,0
1502,1.0,0.0,2,2,0
1503,0.0,0.0,0,2,0
1504,1.0,1.0,1,0,1
1505,1.0,1.0,2,1,1
1506,1.0,1.0,2,2,1
1508,0.0,0.0,1,1,1
1510,0.0,1.0,2,1,1
1511,1.0,1.0,2,0,1
1512,0.0,0.0,1,2,0
1513,1.0,0.0,0,0,0
1514,0.0,0.0,0,0,0
1515,0.0,1.0,1,2,0
1516,0.0,0.0,1,2,1
1518,0.0,0.0,1,2,0
1519,0.0,0.0,2,2,0
1521,0.0,0.0,1,2,0
1522,1.0,0.0,2,0,1
1524,0.0,0.0,1,2,0
1525,0.0,0.0,0,1,0
1527,1.0,0.0,1,1,0
1528,0.0,0.0,1,2,1
1529,1.0,0.0,2,1,1
1530,0.0,1.0,0,1,0
1531,0.0,0.0,2,1,1
1532,0.0,1.0,1,2,0
1533,0.0,1.0,2,0,1
1534,1.0,1.0,2,0,1
1535,0.0,0.0,0,0,0
1536,0.0,1.0,0,0,0
1537,1.0,0.0,2,2,0
1538,0.0,1.0,1,1,1
1540,1.0,1.0,2,1,0
1541,1.0,0.0,1,2,1
1542,1.0,0.0,2,1,1
1544,1.0,0.0,1,1,0
1545,0.0,1.0,1,0,1
1546,1.0,1.0,1,1,1
1547,0.0,0.0,2,0,1
1548,0.0,1.0,0,0,0
1549,0.0,0.0,1,2,0
1552,0.0,0.0,2,2,0
1554,0.0,0.0,0,1,0
1555,0.0,1.0,1,0,0
1556,1.0,0.0,0,0,0
1558,0.0,1.0,1,1,1
1559,0.0,0.0,1,2,0
1560,0.0,0.0,1,2,0
1561,0.0,0.0,0,0,1
1562,1.0,0.0,1,1,0
1563,1.0,1.0,2,0,1
1564,1.0,0.0,2,1,1
1566,0.0,0.0,1,2,1
1567,0.0,1.0,1,1,1
1568,0.0,0.0,2,2,0
1569,0.0,0.0,1,2,1
1570,0.0,0.0,0,0,1
1571,0.0,0.0,2,1,1
1573,1.0,1.0,2,1,1
1575,0.0,0.0,1,2,1
1576,1.0,0.0,1,2,1
1578,1.0,1.0,1,1,0
1579,1.0,0.0,2,0,1
1580,1.0,1.0,1,0,0
1581,1.0,1.0,1,1,1
1582,0.0,0.0,1,1,1
1583,1.0,0.0,1,2,0
1584,1.0,0.0,2,2,0
1585,0.0,0.0,1,2,0
1586,0.0,0.0,1,2,1
1587,1.0,0.0,1,1,1
1588,0.0,0.0,2,2,0
1589,1.0,0.0,0,0,1
1590,0.0,0.0,1,0,1
1593,0.0,1.0,2,1,1
1595,0.0,0.0,0,2,0
1597,0.0,1.0,2,1,1
1598,0.0,0.0,1,2,0
1599,1.0,0.0,0,0,0
1600,0.0,0.0,0,0,0
1601,1.0,1.0,2,0,1
1602,1.0,1.0,2,2,0
1604,1.0,0.0,1,2,1
1606,0.0,0.0,1,0,1
1607,1.0,0.0,2,1,0
1608,0.0,1.0,1,1,1
1609,0.0,0.0,2,2,1
1610,0.0,0.0,1,1,1
1611,0.0,0.0,1,2,1
1612,0.0,0.0,2,2,1
1614,1.0,1.0,1,2,1
1615,0.0,0.0,2,2,0
1617,0.0,0.0,1,2,0
1618,1.0,0.0,1,2,0
1619,0.0,0.0,1,0,1
1620,0.0,1.0,1,2,0
1621,0.0,0.0,1,1,1
1622,0.0,1.0,1,0,1
1623,1.0,1.0,2,0,1
1624,0.0,0.0,1,1,1
1625,1.0,1.0,1,2,1
1626,0.0,0.0,1,1,0
1627,1.0,1.0,2,0,0
1629,0.0,0.0,1,2,0
1630,1.0,0.0,1,2,0
1631,0.0,0.0,0,1,0
1632,1.0,0.0,0,0,1
1635,1.0,1.0,2,1,1
1636,1.0,0.0,2,1,0
1637,0.0,0.0,0,0,1
1639,0.0,0.0,1,2,0
1640,1.0,1.0,0,0,0
1641,0.0,1.0,1,2,1
1642,0.0,0.0,0,1,0
1644,0.0,0.0,1,2,0
1645,0.0,0.0,0,2,0
1646,0.0,0.0,1,2,0
1647,0.0,0.0,1,2,1
1648,0.0,0.0,0,1,1
1649,0.0,0.0,1,2,1
1651,0.0,0.0,1,2,0
1652,0.0,0.0,1,2,0
1653,0.0,0.0,0,1,1
1654,0.0,0.0,2,2,1
1656,1.0,0.0,1,0,1
1657,1.0,1.0,2,0,1
1658,0.0,0.0,1,2,0
1659,0.0,1.0,1,0,0
1660,0.0,0.0,0,0,0
1661,0.0,1.0,1,2,1
1662,1.0,1.0,0,0,0
1663,1.0,0.0,2,1,0
1664,0.0,1.0,2,2,1
1665,0.0,1.0,1,0,1
1666,1.0,1.0,2,1,1
1667,0.0,1.0,1,2,0
1668,1.0,0.0,0,0,1
1669,1.0,0.0,2,1,1
1670,0.0,0.0,1,2,0
1671,0.0,0.0,1,2,1
1672,1.0,0.0,1,2,0
1673,0.0,0.0,2,0,1
1674,0.0,0.0,1,1,0
1675,0.0,1.0,2,1,1
1676,1.0,0.0,1,0,1
1677,1.0,0.0,2,2,1
1678,0.0,0.0,0,0,1
1679,0.0,0.0,1,2,1
1680,1.0,0.0,0,0,0
1681,1.0,0.0,1,1,0
1684,0.0,1.0,1,1,0
1685,1.0,1.0,1,1,1
1686,0.0,0.0,2,2,0
1687,1.0,1.0,1,0,1
1688,0.0,0.0,0,2,0
1689,0.0,0.0,1,1,0
1690,1.0,0.0,1,2,0
1691,1.0,0.0,0,1,0
1692,1.0,0.0,1,1,0
1693,1.0,0.0,0,1,0
1695,0.0,1.0,1,0,1
1696,1.0,0.0,2,1,1
1697,0.0,0.0,1,2,0
1698,1.0,1.0,2,2,1
1699,1.0,0.0,1,2,1
1700,0.0,0.0,0,1,1
1701,1.0,0.0,1,1,1
1704,0.0,1.0,0,1,0
1705,1.0,1.0,1,0,0
1706,0.0,0.0,1,1,1
1707,0.0,0.0,2,1,1
1710,0.0,0.0,2,2,1
1711,0.0,0.0,1,2,0
1713,0.0,0.0,1,2,1
1714,1.0,1.0,2,0,1
1715,0.0,1.0,1,0,0
1716,0.0,0.0,1,2,1
1717,0.0,0.0,2,1,1
1718,0.0,1.0,1,1,0
1719,0.0,0.0,1,1,1
1720,1.0,0.0,2,0,1
1721,1.0,0.0,1,2,1
1722,0.0,0.0,2,0,1
1724,0.0,0.0,1,2,0
1725,0.0,0.0,1,1,1
1726,0.0,1.0,1,2,0
1727,1.0,0.0,1,1,0
1728,0.0,0.0,1,2,1
1729,0.0,0.0,2,0,0
1731,0.0,0.0,1,2,0
1732,1.0,0.0,2,2,1
1733,0.0,0.0,2,2,0
1734,1.0,0.0,1,2,0
1735,1.0,0.0,1,2,0
1736,1.0,1.0,0,0,1
1737,0.0,1.0,1,0,1
1740,1.0,0.0,1,0,1
1741,1.0,1.0,1,1,0
1743,1.0,0.0,2,1,1
1744,0.0,0.0,1,0,1
1745,0.0,1.0,2,2,1
1746,0.0,0.0,1,2,1
1747,0.0,1.0,1,1,1
1748,0.0,0.0,0,0,1
1749,1.0,0.0,2,1,1
1750,0.0,1.0,2,1,1
1751,1.0,0.0,1,1,1
1752,1.0,0.0,1,2,0
1753,0.0,0.0,0,1,1
1754,0.0,0.0,1,0,0
1755,0.0,0.0,1,2,0
1756,1.0,0.0,0,0,1
1757,1.0,0.0,1,1,1
1758,1.0,1.0,2,2,1
1759,0.0,0.0,1,2,0
1760,0.0,0.0,1,2,0
1761,0.0,0.0,0,1,0
1762,1.0,0.0,1,1,0
1763,1.0,0.0,0,1,1
1764,0.0,1.0,0,0,1
1765,1.0,1.0,1,0,1
1766,0.0,0.0,1,0,1
1767,0.0,0.0,1,1,1
1768,0.0,0.0,1,1,1
1769,1.0,1.0,2,0,1
1770,0.0,0.0,0,0,1
1771,0.0,1.0,1,1,1
1772,1.0,1.0,2,0,1
1773,0.0,0.0,1,1,0
1774,0.0,1.0,1,1,1
1775,1.0,0.0,2,2,0
1776,0.0,1.0,2,0,1
1778,0.0,0.0,1,1,1
1780,1.0,0.0,2,0,0
1781,0.0,0.0,0,0,1
1782,0.0,0.0,2,1,1
1783,0.0,0.0,1,0,0
1784,0.0,0.0,1,1,1
1785,1.0,0.0,1,2,1
1786,0.0,1.0,1,2,1
1787,1.0,0.0,1,0,0
1788,1.0,1.0,1,2,1
1790,1.0,0.0,1,2,0
1791,0.0,0.0,1,0,0
1792,0.0,0.0,0,1,0
1796,0.0,0.0,1,2,0
1797,1.0,0.0,2,2,0
1799,0.0,0.0,0,1,0
1801,0.0,0.0,2,2,0
1803,0.0,0.0,1,2,0
1804,1.0,0.0,1,2,0
1805,0.0,0.0,1,2,0
1807,0.0,0.0,1,2,0
1808,1.0,0.0,1,1,0
1809,1.0,0.0,1,0,1
1810,1.0,1.0,2,1,0
1811,1.0,0.0,0,1,0
1812,1.0,1.0,1,0,1
1813,0.0,1.0,1,2,1
1814,0.0,0.0,1,2,1
1816,1.0,1.0,2,0,1
1817,0.0,0.0,1,2,0
1818,1.0,1.0,1,0,1
1819,0.0,0.0,1,0,1
1820,1.0,1.0,1,2,1
1821,0.0,0.0,1,1,1
1822,0.0,0.0,0,1,0
1823,1.0,1.0,1,1,1
1824,0.0,1.0,1,0,1
1825,0.0,0.0,1,2,0
1826,1.0,1.0,2,1,0
1828,1.0,1.0,1,1,1
1829,0.0,1.0,0,1,0
1830,0.0,1.0,2,2,0
1831,1.0,1.0,1,2,0
1832,1.0,1.0,1,2,1
1833,0.0,1.0,1,1,1
1834,1.0,0.0,2,1,1
1835,1.0,1.0,2,0,1
1836,0.0,1.0,1,2,0
1837,0.0,0.0,1,1,0
1838,0.0,0.0,1,0,0
1839,1.0,0.0,2,0,1
1841,1.0,1.0,1,0,1
1842,0.0,1.0,1,2,1
1843,0.0,0.0,1,2,1
1844,1.0,1.0,1,2,0
1845,0.0,1.0,1,0,0
1846,0.0,1.0,0,0,1
1847,1.0,1.0,1,0,1
1848,0.0,1.0,1,2,0
1849,0.0,0.0,2,2,1
1851,0.0,0.0,1,1,0
1852,0.0,0.0,0,0,1
1853,0.0,1.0,1,2,0
1854,1.0,1.0,1,2,0
1855,1.0,0.0,1,1,1
1856,0.0,0.0,0,0,0
1857,1.0,1.0,2,0,1
1858,1.0,0.0,1,1,1
1860,1.0,0.0,0,1,0
1861,0.0,1.0,0,0,0
1863,0.0,0.0,2,2,1
1865,1.0,0.0,1,2,0
1867,0.0,1.0,2,1,1
1868,1.0,1.0,0,1,1
1869,0.0,0.0,0,0,0
1870,1.0,1.0,1,0,1
1872,1.0,0.0,2,2,0
1873,1.0,0.0,1,1,0
1874,1.0,1.0,0,0,0
1876,0.0,0.0,1,0,1
1877,0.0,0.0,1,2,0
1878,0.0,1.0,1,1,0
1879,0.0,0.0,1,2,1
1880,0.0,0.0,1,1,1
1881,1.0,0.0,1,2,0
1882,0.0,0.0,1,0,1
1883,0.0,0.0,1,1,0
1885,0.0,0.0,1,2,0
1886,0.0,0.0,0,1,0
1887,1.0,0.0,1,0,1
1888,1.0,1.0,0,0,1
1890,0.0,1.0,0,1,0
1891,0.0,0.0,0,0,0
1892,1.0,0.0,1,2,0
1893,0.0,1.0,1,1,0
1894,0.0,0.0,1,2,0
1895,0.0,1.0,0,2,0
1896,1.0,1.0,1,0,1
1897,1.0,0.0,2,2,1
1898,1.0,0.0,1,2,0
1899,0.0,0.0,1,2,0
1900,0.0,0.0,1,2,0
1901,0.0,0.0,1,2,0
1902,0.0,1.0,1,0,1
1903,0.0,0.0,2,2,0
1905,0.0,0.0,2,1,1
1906,0.0,0.0,1,2,1
1907,0.0,0.0,1,2,0
1908,1.0,0.0,1,1,0
1909,1.0,1.0,1,0,1
1910,1.0,0.0,1,2,0
1911,0.0,1.0,0,1,1
1912,0.0,0.0,1,2,0
1913,1.0,1.0,1,0,1
1914,0.0,0.0,1,1,0
1915,0.0,0.0,0,1,0
1916,0.0,0.0,0,0,1
1917,1.0,1.0,1,0,1
1918,0.0,1.0,1,0,0
1919,0.0,1.0,1,2,1
1920,0.0,0.0,1,1,1
1921,1.0,0.0,1,1,0
1922,1.0,1.0,1,1,0
1924,0.0,1.0,2,2,1
1927,0.0,0.0,0,0,0
1928,0.0,0.0,1,2,0
1929,0.0,1.0,1,1,1
1930,1.0,0.0,0,0,1
1931,0.0,1.0,1,2,0
1932,0.0,0.0,1,0,1
1933,0.0,0.0,1,1,1
1934,0.0,0.0,1,2,0
1935,0.0,0.0,1,1,0
1936,1.0,1.0,2,0,1
1937,0.0,0.0,1,1,1
1938,1.0,0.0,0,0,0
1939,0.0,0.0,1,1,1
1940,0.0,1.0,0,2,1
1941,1.0,0.0,1,0,1
1942,1.0,0.0,1,1,1
1943,1.0,0.0,2,1,0
1944,0.0,0.0,1,0,1
1945,0.0,0.0,0,0,1
1946,1.0,0.0,0,0,1
1947,0.0,1.0,1,1,1
1948,1.0,1.0,2,2,1
1949,0.0,1.0,1,1,1
1950,0.0,0.0,1,0,0
1951,0.0,1.0,1,1,1
1952,1.0,0.0,1,0,1
1953,1.0,0.0,0,1,0
1955,0.0,1.0,1,2,0
1956,1.0,1.0,2,1,0
1958,0.0,0.0,2,0,1
1960,0.0,0.0,2,2,0
1961,0.0,1.0,1,2,0
1962,0.0,1.0,2,1,1
1963,0.0,0.0,1,2,1
1964,0.0,0.0,2,2,0
1965,1.0,0.0,1,0,1
1966,0.0,1.0,2,2,1
1967,1.0,0.0,2,0,0
1968,1.0,0.0,2,1,1
1969,1.0,1.0,2,0,1
1970,0.0,0.0,2,2,0
1971,0.0,0.0,1,0,1
1973,0.0,0.0,2,2,0
1975,0.0,0.0,1,2,0
1977,0.0,0.0,1,1,1
1978,0.0,0.0,1,2,0
1979,0.0,0.0,0,1,1
1980,1.0,1.0,1,1,0
1982,1.0,1.0,2,0,1
1983,0.0,0.0,0,1,0
1984,1.0,1.0,2,1,0
1985,1.0,1.0,2,0,0
1986,0.0,0.0,2,1,1
1987,0.0,0.0,1,2,0
1988,0.0,1.0,1,2,1
1989,0.0,0.0,1,2,0
1990,0.0,0.0,1,1,1
1991,0.0,0.0,2,2,0
1992,0.0,0.0,1,0,0
1993,0.0,0.0,1,2,1
1994,1.0,0.0,1,2,0
1995,0.0,0.0,1,2,1
1997,0.0,1.0,1,1,1
1998,1.0,0.0,1,2,1
1999,0.0,1.0,1,0,1
2001,1.0,1.0,2,2,1
2002,1.0,0.0,1,1,0
2003,0.0,0.0,2,1,1
2004,1.0,1.0,1,0,0
2005,0.0,1.0,1,2,1
2006,0.0,0.0,1,1,1
2007,0.0,0.0,1,2,1
2008,0.0,1.0,2,0,1
2009,0.0,1.0,1,1,1
2010,0.0,0.0,2,2,1
2011,0.0,0.0,1,0,1
2012,0.0,0.0,1,2,0
2013,0.0,1.0,1,0,0
2014,1.0,1.0,1,1,1
2015,0.0,0.0,1,1,1
2016,0.0,1.0,1,2,0
2017,0.0,0.0,1,2,1
2018,1.0,0.0,1,1,1
2019,0.0,0.0,1,2,0
2020,1.0,0.0,1,0,1
2021,1.0,1.0,2,2,1
2022,1.0,1.0,1,1,1
2023,0.0,0.0,1,1,0
2024,0.0,1.0,2,2,1
2025,0.0,0.0,0,0,1
2027,0.0,0.0,1,1,0
2028,0.0,1.0,0,0,1
2029,0.0,0.0,1,1,1
2030,1.0,0.0,0,1,1
2031,0.0,1.0,1,2,0
2032,0.0,0.0,2,0,0
2033,0.0,0.0,1,1,1
2035,1.0,1.0,2,0,1
2036,1.0,1.0,0,0,0
2037,0.0,1.0,1,2,1
2038,0.0,0.0,1,0,0
2041,0.0,1.0,1,2,1
2042,0.0,0.0,0,1,0
2043,0.0,0.0,0,1,0
2044,0.0,1.0,1,1,0
2046,1.0,1.0,2,1,0
2047,0.0,0.0,2,1,1
2048,0.0,0.0,1,2,0
2051,0.0,1.0,0,1,0
2052,0.0,0.0,1,2,1
2053,1.0,1.0,1,0,1
2054,1.0,1.0,2,1,0
2055,0.0,0.0,1,2,0
2057,1.0,0.0,1,2,0
2058,0.0,0.0,2,2,0
2059,0.0,0.0,1,2,0
2061,1.0,0.0,1,2,1
2062,1.0,0.0,1,0,1
2065,1.0,0.0,2,2,1
2066,1.0,0.0,0,0,1
2067,0.0,0.0,1,1,1
2068,1.0,0.0,1,0,1
2069,0.0,0.0,0,1,0
2071,1.0,1.0,1,2,0
2072,1.0,1.0,1,0,1
2073,0.0,0.0,1,2,0
2074,1.0,0.0,1,1,0
2075,1.0,0.0,0,0,0
2076,0.0,0.0,1,2,0
2077,1.0,1.0,2,0,1
2078,0.0,1.0,1,0,0
2080,1.0,1.0,2,1,0
2081,0.0,0.0,1,2,1
2082,0.0,0.0,1,2,0
2083,1.0,0.0,0,2,0
2084,1.0,0.0,0,0,0
2085,0.0,0.0,1,1,1
2086,0.0,0.0,1,1,0
2087,1.0,0.0,1,1,1
2089,0.0,0.0,1,2,0
2090,0.0,0.0,0,0,1
2091,0.0,0.0,1,2,1
2092,1.0,1.0,1,0,1
2095,0.0,0.0,1,1,0
2096,1.0,0.0,0,0,1
2098,1.0,1.0,2,1,1
2099,0.0,0.0,1,2,1
2101,0.0,1.0,1,0,1
2102,0.0,0.0,0,1,0
2103,0.0,0.0,1,0,0
2105,1.0,1.0,2,0,1
2106,1.0,0.0,1,0,1
2108,0.0,0.0,1,2,1
2109,1.0,0.0,2,2,0
2110,0.0,0.0,0,0,0
2111,0.0,0.0,1,2,0
2112,1.0,0.0,1,1,0
2113,1.0,0.0,1,1,1
2114,0.0,0.0,2,2,1
2115,0.0,0.0,2,0,1
2116,1.0,0.0,1,2,1
2117,0.0,0.0,1,2,0
2118,1.0,1.0,1,0,1
2119,0.0,0.0,1,2,0
2120,0.0,0.0,1,2,1
2121,0.0,0.0,0,1,1
2122,0.0,0.0,2,1,0
2123,1.0,1.0,1,0,1
2124,1.0,0.0,1,1,1
2125,1.0,0.0,2,2,0
2126,1.0,0.0,2,1,1
2127,0.0,1.0,2,2,0
2129,0.0,0.0,2,2,0
2130,1.0,0.0,2,1,1
2131,0.0,1.0,1,2,0
2132,1.0,0.0,2,0,1
2133,0.0,1.0,1,0,1
2134,1.0,1.0,1,2,0
2135,0.0,0.0,0,1,0
2136,0.0,0.0,1,2,0
2137,0.0,0.0,0,1,0
2138,0.0,0.0,0,0,1
2139,0.0,0.0,1,2,0
2140,0.0,0.0,1,1,0
2141,1.0,0.0,1,1,0
2142,1.0,1.0,2,0,1
2143,1.0,0.0,1,2,0
2144,0.0,0.0,2,2,0
2146,0.0,0.0,0,1,0
2147,0.0,0.0,1,2,0
2148,0.0,0.0,1,2,1
2149,0.0,0.0,1,0,1
2150,0.0,1.0,1,2,0
2152,1.0,0.0,1,0,1
2155,1.0,1.0,1,2,1
2156,0.0,0.0,1,1,0
2157,1.0,0.0,2,2,0
2158,0.0,1.0,1,0,1
2159,1.0,0.0,1,1,0
2160,0.0,0.0,1,1,1
2161,1.0,0.0,2,1,0
2162,1.0,1.0,1,1,1
2163,1.0,0.0,1,2,0
2165,1.0,1.0,2,1,1
2166,1.0,0.0,1,1,1
2167,1.0,1.0,2,0,1
2168,1.0,1.0,1,2,0
2169,1.0,0.0,2,2,1
2170,1.0,0.0,1,0,1
2171,1.0,0.0,0,0,1
2172,0.0,0.0,0,0,0
2173,0.0,1.0,1,2,0
2174,1.0,1.0,2,0,1
2176,0.0,0.0,1,2,1
2177,0.0,0.0,0,1,0
2178,1.0,1.0,1,0,0
2179,0.0,0.0,1,1,0
2180,0.0,0.0,2,1,1
2181,1.0,0.0,1,1,0
2183,0.0,0.0,1,2,0
2184,0.0,1.0,0,0,1
2185,1.0,0.0,2,0,1
2186,0.0,1.0,1,2,0
2187,0.0,0.0,0,1,1
2188,0.0,1.0,1,0,0
2189,0.0,0.0,0,1,0
2190,0.0,0.0,1,1,0
2191,1.0,0.0,1,1,1
2192,0.0,0.0,1,2,0
2193,1.0,0.0,1,2,0
2194,0.0,1.0,1,0,0
2195,0.0,0.0,1,1,1
2196,0.0,0.0,1,1,0
2197,0.0,0.0,1,1,0
2198,1.0,0.0,2,1,1
2199,0.0,0.0,1,0,1
2200,0.0,0.0,1,1,1
2201,0.0,0.0,1,2,0
2202,0.0,0.0,2,2,0
2203,0.0,0.0,1,1,1
2204,0.0,0.0,0,2,0
2206,0.0,0.0,0,1,0
2208,0.0,0.0,0,0,1
2211,1.0,0.0,1,0,1
2213,0.0,0.0,2,1,1
2214,0.0,1.0,1,1,0
2215,0.0,0.0,2,2,0
2216,1.0,0.0,0,1,1
2217,0.0,1.0,2,2,1
2218,1.0,0.0,1,2,0
2219,0.0,1.0,2,1,0
2220,1.0,1.0,2,0,1
2221,0.0,1.0,1,2,0
2222,1.0,1.0,2,0,1
2223,0.0,0.0,1,2,0
2224,1.0,0.0,0,1,0
2226,0.0,1.0,2,0,1
2227,0.0,1.0,2,1,1
2228,0.0,0.0,0,1,0
2229,0.0,0.0,1,2,1
2230,0.0,1.0,2,1,0
2231,0.0,0.0,1,2,0
2232,0.0,0.0,2,1,1
2233,0.0,0.0,1,2,1
2234,1.0,1.0,0,0,0
2235,1.0,1.0,2,1,1
2236,1.0,0.0,0,0,0
2237,0.0,1.0,0,0,1
2238,0.0,0.0,2,1,1
2239,1.0,0.0,1,0,1
2240,1.0,1.0,1,0,1
2241,1.0,0.0,1,0,0
2242,0.0,0.0,1,1,0
2243,1.0,0.0,1,1,1
2244,0.0,1.0,1,1,0
2245,0.0,0.0,1,2,0
2246,0.0,0.0,1,1,1
2247,1.0,0.0,1,0,0
2248,1.0,0.0,1,1,1
2250,0.0,0.0,1,2,0
2251,1.0,1.0,1,0,1
2252,0.0,0.0,0,0,0
2253,0.0,1.0,1,0,1
2254,0.0,0.0,1,2,0
2255,1.0,0.0,0,0,1
2256,1.0,1.0,1,0,0
2257,1.0,0.0,1,0,1
2258,0.0,1.0,0,1,0
2259,1.0,0.0,2,0,0
2260,0.0,0.0,1,2,0
2261,1.0,0.0,1,0,0
2262,1.0,1.0,1,1,1
2263,0.0,1.0,1,1,0
2264,0.0,0.0,1,2,0
2265,0.0,1.0,1,2,0
2266,1.0,1.0,2,1,1
2267,0.0,0.0,1,1,1
2268,0.0,0.0,2,2,0
2269,0.0,0.0,1,2,0
2270,0.0,0.0,1,1,1
2271,0.0,1.0,0,1,0
2272,0.0,0.0,2,1,1
2273,1.0,1.0,1,1,1
2274,0.0,0.0,0,1,0
2275,1.0,1.0,1,1,0
2276,1.0,0.0,1,1,1
2277,1.0,0.0,0,1,0
2279,0.0,0.0,1,1,0
2280,0.0,0.0,0,1,0
2281,1.0,0.0,1,2,0
2282,1.0,0.0,1,2,1
2283,0.0,1.0,1,2,0
2284,0.0,0.0,0,2,0
2285,0.0,1.0,2,1,1
2286,0.0,1.0,1,1,0
2287,1.0,1.0,1,0,1
2288,0.0,0.0,2,2,0
2289,0.0,0.0,1,2,0
2290,1.0,0.0,2,2,1
2291,1.0,0.0,1,1,1
2292,0.0,0.0,0,1,1
2294,0.0,0.0,0,1,1
2295,0.0,0.0,1,1,1
2296,0.0,0.0,1,2,0
2297,0.0,0.0,1,2,0
2298,1.0,1.0,1,1,1
2299,0.0,0.0,0,2,0
2301,0.0,1.0,1,1,1
2302,0.0,1.0,1,2,1
2304,0.0,0.0,0,0,1
2305,1.0,1.0,1,2,0
2306,1.0,0.0,0,0,1
2307,0.0,0.0,1,2,0
2308,1.0,1.0,1,2,1
2311,0.0,0.0,2,2,0
2312,0.0,0.0,0,1,0
2313,1.0,0.0,2,1,1
2314,1.0,0.0,2,2,1
2315,0.0,0.0,0,0,1
2317,1.0,0.0,1,1,1
2318,1.0,0.0,1,2,0
2319,1.0,1.0,2,1,1
2320,1.0,0.0,1,1,1
2321,1.0,0.0,1,0,0
2322,0.0,0.0,0,1,1
2323,0.0,0.0,1,1,1
2324,1.0,0.0,0,0,0
2325,0.0,1.0,2,2,1
2326,1.0,0.0,0,0,0
2327,1.0,0.0,1,2,0
2328,0.0,0.0,0,1,0
2330,0.0,0.0,2,1,1
2331,0.0,0.0,1,2,0
2332,0.0,0.0,0,1,0
2333,1.0,1.0,1,0,1
2334,1.0,0.0,2,1,1
2337,1.0,0.0,1,2,1
2338,0.0,0.0,2,0,1
2339,0.0,0.0,2,2,0
2340,0.0,0.0,1,2,0
2341,1.0,0.0,0,1,1
2342,1.0,0.0,1,2,1
2343,1.0,1.0,1,0,0
2344,1.0,1.0,1,1,0
2345,0.0,0.0,1,1,1
2346,0.0,0.0,0,1,0
2347,1.0,0.0,2,2,1
2348,0.0,0.0,1,2,1
2351,1.0,1.0,1,0,1
2352,1.0,1.0,2,1,0
2354,1.0,0.0,2,1,1
2355,0.0,1.0,2,1,0
2356,1.0,0.0,2,0,1
2357,1.0,1.0,0,1,0
2358,0.0,0.0,1,1,1
2360,0.0,1.0,1,2,0
2361,0.0,1.0,1,2,0
2362,0.0,0.0,1,2,0
2364,0.0,0.0,1,0,1
2365,1.0,1.0,2,1,0
2366,1.0,0.0,2,2,1
2367,0.0,0.0,1,1,0
2368,0.0,0.0,2,2,0
2369,0.0,1.0,1,2,1
2370,1.0,0.0,1,2,0
2371,0.0,0.0,1,2,1
2372,1.0,1.0,2,0,1
2373,0.0,1.0,1,1,0
2374,0.0,0.0,0,1,0
2375,1.0,0.0,2,0,1
2376,1.0,1.0,1,2,1
2377,0.0,0.0,0,2,0
2378,0.0,0.0,0,0,0
2379,1.0,0.0,2,0,1
2380,1.0,1.0,1,0,1
2381,1.0,0.0,1,0,1
2382,0.0,0.0,0,1,1
2383,0.0,0.0,2,2,1
2384,0.0,1.0,1,0,1
2385,1.0,1.0,1,0,1
2386,0.0,0.0,1,1,0
2387,0.0,0.0,0,1,0
2388,1.0,1.0,1,0,1
2389,1.0,0.0,1,2,0
2390,0.0,0.0,0,0,1
2391,0.0,0.0,2,2,0
2392,0.0,0.0,1,2,0
2393,0.0,0.0,1,1,0
2394,0.0,0.0,1,0,1
2395,0.0,0.0,2,1,1
2396,0.0,1.0,0,0,1
2397,0.0,1.0,1,0,1
2399,1.0,0.0,2,1,1
2401,0.0,0.0,2,2,0
2402,0.0,0.0,1,2,1
2403,0.0,0.0,1,2,0
2404,0.0,1.0,1,0,1
2405,0.0,1.0,1,1,1
2406,0.0,1.0,1,2,1
2407,1.0,0.0,1,2,0
2408,1.0,1.0,1,0,1
2410,0.0,0.0,1,0,1
2411,0.0,0.0,1,2,0
2412,0.0,0.0,2,1,1
2413,1.0,0.0,1,1,1
2414,1.0,1.0,2,0,0
2415,0.0,0.0,2,2,1
2416,0.0,0.0,1,2,0
2417,0.0,1.0,1,1,0
2418,0.0,0.0,2,2,0
2420,0.0,0.0,1,2,0
2421,0.0,1.0,0,0,1
2422,0.0,0.0,0,1,0
2423,1.0,1.0,2,0,1
2424,1.0,0.0,2,0,1
2425,1.0,0.0,1,1,1
2426,0.0,0.0,0,1,0
2427,0.0,0.0,2,2,1
2428,1.0,0.0,2,2,0
2429,1.0,1.0,2,0,1
2431,1.0,1.0,2,1,1
2432,0.0,0.0,1,1,1
2433,0.0,0.0,1,0,1
2434,0.0,0.0,0,1,0
2435,1.0,0.0,1,0,0
2436,0.0,0.0,2,1,1
2437,0.0,0.0,1,1,0
2438,1.0,1.0,2,1,1
2439,0.0,0.0,2,2,1
2440,0.0,0.0,0,1,1
2441,1.0,0.0,2,2,0
2442,1.0,0.0,2,1,1
2443,0.0,1.0,0,1,0
2445,0.0,0.0,0,2,0
2448,0.0,0.0,1,0,1
2450,0.0,1.0,1,1,1
2451,1.0,0.0,1,2,1
2452,1.0,0.0,1,0,1
2453,1.0,0.0,1,2,1
2454,1.0,1.0,2,1,1
2455,0.0,0.0,0,1,1
2456,0.0,0.0,1,2,1
2457,0.0,0.0,1,2,0
2458,0.0,0.0,0,1,1
2459,0.0,1.0,2,1,1
2460,1.0,0.0,1,1,0
2461,1.0,1.0,1,1,1
2462,0.0,0.0,1,1,0
2463,0.0,1.0,1,2,0
2464,0.0,0.0,0,1,0
2465,1.0,0.0,1,1,0
2466,0.0,1.0,2,1,1
2467,0.0,0.0,1,2,1
2468,0.0,0.0,1,2,0
2469,0.0,0.0,1,2,0
2470,1.0,0.0,1,0,0
2471,1.0,1.0,0,0,0
2472,1.0,0.0,1,1,0
2473,0.0,1.0,1,1,1
2474,1.0,1.0,2,0,1
2475,0.0,0.0,1,2,0
2476,1.0,0.0,0,1,0
2478,1.0,1.0,2,0,1
2479,1.0,1.0,1,0,1
2480,1.0,1.0,1,1,0
2481,0.0,1.0,1,1,1
2482,1.0,1.0,0,1,1
2483,0.0,0.0,1,2,1
2484,0.0,0.0,1,2,0
2485,1.0,0.0,1,0,1
2486,1.0,1.0,0,1,0
2487,0.0,0.0,1,1,0
2488,1.0,0.0,1,0,1
2489,1.0,0.0,1,0,1
2490,1.0,0.0,1,1,1
2491,1.0,0.0,2,2,1
2492,1.0,0.0,1,1,0
2493,0.0,0.0,2,0,0
2494,0.0,0.0,1,2,0
2495,0.0,1.0,1,0,1
2496,0.0,0.0,1,2,0
2497,1.0,1.0,2,0,1
2498,0.0,1.0,2,0,0
2499,0.0,1.0,1,1,1
2500,1.0,0.0,1,0,0
2501,1.0,1.0,1,1,0
2502,1.0,1.0,1,2,0
2503,0.0,0.0,2,1,0
2504,0.0,0.0,1,1,0
2505,0.0,0.0,1,1,1
2507,0.0,1.0,0,2,0
2508,0.0,1.0,0,1,1
2510,0.0,0.0,2,1,1
2511,0.0,1.0,1,1,0
2512,0.0,1.0,2,2,0
2513,1.0,0.0,1,2,0
2514,0.0,1.0,1,0,1
2515,1.0,0.0,0,0,0
2516,0.0,0.0,2,1,1
2517,1.0,1.0,2,0,1
2518,1.0,0.0,2,0,1
2519,0.0,1.0,2,1,1
2520,0.0,1.0,2,1,0
2521,0.0,0.0,1,2,1
2522,1.0,0.0,2,1,1
2525,0.0,0.0,0,1,0
2526,0.0,0.0,1,2,0
2527,0.0,1.0,1,2,1
2528,0.0,0.0,0,1,0
2529,1.0,1.0,2,1,1
2530,0.0,0.0,1,2,1
2531,0.0,0.0,1,0,1
2532,0.0,0.0,1,1,0
2534,1.0,1.0,2,0,1
2535,1.0,1.0,1,0,1
2536,1.0,1.0,1,0,1
2537,1.0,1.0,2,0,1
2538,0.0,1.0,0,0,1
2539,0.0,1.0,2,2,1
2540,0.0,1.0,1,0,1
2541,0.0,0.0,1,2,0
2542,1.0,0.0,0,1,1
2543,1.0,1.0,1,0,1
2544,0.0,0.0,2,0,0
2545,0.0,0.0,1,2,0
2546,1.0,0.0,0,0,1
2547,1.0,0.0,2,0,0
2548,1.0,1.0,2,1,0
2549,0.0,0.0,2,2,1
2551,0.0,0.0,0,0,0
2553,1.0,0.0,1,0,0
2554,1.0,0.0,2,1,1
2555,0.0,0.0,1,2,0
2556,1.0,1.0,1,2,1
2557,0.0,0.0,1,1,0
2558,0.0,1.0,2,0,1
2559,0.0,0.0,1,2,0
2561,1.0,0.0,1,2,0
2562,0.0,1.0,1,2,0
2564,1.0,1.0,1,2,1
2565,0.0,0.0,0,0,0
2566,0.0,0.0,1,2,0
2569,0.0,0.0,1,2,0
2570,0.0,0.0,0,0,0
2571,0.0,0.0,0,0,0
2572,1.0,1.0,2,1,1
2573,0.0,0.0,1,2,0
2574,0.0,0.0,2,2,0
2575,0.0,0.0,0,0,1
2576,0.0,1.0,1,2,0
2577,1.0,0.0,1,1,1
2578,0.0,0.0,1,1,0
2579,1.0,1.0,1,0,1
2580,0.0,0.0,1,1,0
2582,0.0,0.0,1,1,0
2584,0.0,0.0,0,1,1
2585,1.0,0.0,1,1,0
2586,1.0,1.0,1,0,1
2588,1.0,0.0,1,0,1
2589,0.0,0.0,1,0,1
2591,1.0,0.0,2,1,1
2592,1.0,1.0,2,0,1
2593,0.0,0.0,2,2,0
2594,0.0,0.0,0,1,0
2595,1.0,1.0,1,2,1
2596,1.0,0.0,2,1,0
2597,0.0,0.0,1,2,1
2598,1.0,1.0,1,1,1
2599,0.0,0.0,2,2,0
2600,1.0,1.0,2,0,1
2601,1.0,0.0,0,1,1
2602,1.0,1.0,1,0,1
2603,0.0,1.0,1,0,0
2604,0.0,1.0,1,2,0
2605,0.0,0.0,1,0,1
2606,1.0,1.0,1,0,1
2608,1.0,0.0,1,1,0
2609,0.0,1.0,1,0,0
2611,0.0,1.0,1,2,0
2616,0.0,0.0,0,1,0
2617,0.0,0.0,1,0,0
2618,0.0,0.0,2,1,0
2619,0.0,0.0,1,1,1
2620,0.0,1.0,1,2,0
2621,0.0,0.0,1,0,0
2622,0.0,1.0,1,0,1
2623,1.0,1.0,1,0,1
2624,0.0,0.0,1,1,1
2625,1.0,1.0,1,2,1
2626,1.0,0.0,2,1,1
2627,0.0,1.0,0,1,0
2628,0.0,0.0,0,0,1
2629,1.0,0.0,1,0,1
2630,0.0,0.0,0,1,1
2631,1.0,1.0,1,2,0
2632,0.0,0.0,1,2,0
2633,1.0,0.0,1,2,1
2634,0.0,1.0,2,0,1
2636,0.0,0.0,1,1,1
2637,1.0,0.0,0,1,1
2638,1.0,1.0,1,0,1
2639,0.0,0.0,1,1,0
2641,0.0,1.0,1,0,1
2643,0.0,1.0,2,0,1
2644,1.0,1.0,1,1,1
2645,0.0,0.0,1,0,1
2646,0.0,0.0,1,1,0
2647,0.0,0.0,1,1,1
2648,1.0,1.0,0,1,0
2649,1.0,0.0,2,2,0
2651,0.0,0.0,1,1,1
2652,1.0,0.0,2,1,0
2653,0.0,1.0,0,1,1
2654,1.0,0.0,1,1,0
2655,1.0,0.0,0,2,0
2656,0.0,0.0,1,2,1
2657,0.0,0.0,0,0,1
2658,1.0,1.0,2,1,1
2659,0.0,0.0,1,1,0
2660,0.0,1.0,1,1,0
2661,1.0,1.0,2,0,1
2662,1.0,0.0,1,0,0
2663,1.0,0.0,1,2,0
2664,1.0,0.0,1,1,1
2665,1.0,0.0,0,1,0
2666,1.0,1.0,1,1,0
2667,1.0,1.0,2,0,1
2668,1.0,0.0,0,1,0
2669,0.0,1.0,1,1,1
2670,0.0,0.0,1,0,1
2671,1.0,1.0,1,0,1
2672,0.0,0.0,1,2,1
2673,0.0,0.0,1,2,1
2675,0.0,0.0,0,0,1
2676,1.0,0.0,1,1,1
2677,1.0,0.0,0,0,0
2679,0.0,0.0,1,2,1
2680,1.0,0.0,2,1,1
2681,0.0,1.0,1,2,0
2682,0.0,1.0,1,2,1
2683,0.0,0.0,1,0,1
2684,0.0,0.0,1,2,0
2685,0.0,1.0,0,1,1
2686,1.0,1.0,0,1,0
2687,0.0,1.0,1,2,0
2688,0.0,0.0,0,1,1
2689,0.0,0.0,2,0,0
2690,1.0,0.0,1,2,0
2691,1.0,0.0,1,2,0
2692,0.0,0.0,1,2,0
2693,0.0,1.0,2,2,1
2694,0.0,0.0,0,1,1
2695,0.0,0.0,1,1,0
2696,1.0,1.0,2,1,1
2697,1.0,0.0,1,2,0
2698,1.0,0.0,2,2,0
2699,1.0,1.0,1,1,1
2701,1.0,0.0,1,0,1
2702,1.0,0.0,2,1,1
2703,0.0,0.0,1,1,1
2704,0.0,0.0,1,0,0
2705,0.0,1.0,0,0,0
2706,0.0,1.0,0,0,0
2707,1.0,0.0,2,0,1
2708,0.0,1.0,2,2,0
2709,0.0,0.0,1,2,0
2710,0.0,0.0,1,0,1
2711,1.0,1.0,0,1,0
2712,0.0,1.0,1,2,0
2713,1.0,1.0,1,1,1
2714,0.0,0.0,1,2,1
2715,0.0,0.0,2,0,1
2716,0.0,0.0,0,0,1
2717,0.0,0.0,0,1,0
2718,0.0,0.0,0,1,0
2720,0.0,1.0,2,1,1
2721,0.0,0.0,0,2,0
2722,0.0,0.0,0,0,0
2723,0.0,0.0,0,1,0
2724,1.0,0.0,1,1,0
2725,1.0,1.0,1,1,0
2726,0.0,1.0,2,0,0
2727,0.0,0.0,1,2,0
2728,1.0,1.0,1,0,0
2729,1.0,0.0,1,2,0
2730,0.0,0.0,0,0,1
2731,1.0,0.0,2,2,1
2732,1.0,1.0,1,1,0
2733,1.0,0.0,1,2,0
2734,0.0,0.0,0,0,1
2736,1.0,0.0,1,0,1
2737,0.0,0.0,0,0,0
2739,0.0,0.0,1,2,0
2740,1.0,0.0,1,0,1
2741,1.0,0.0,2,0,1
2742,1.0,0.0,1,2,0
2744,1.0,0.0,2,0,1
2745,1.0,0.0,1,1,0
2746,0.0,1.0,1,2,0
2747,0.0,0.0,1,2,0
2748,1.0,0.0,1,1,1
2749,0.0,1.0,1,1,0
2751,0.0,0.0,1,2,1
2752,0.0,1.0,1,0,0
2753,0.0,0.0,1,0,1
2754,0.0,0.0,1,2,0
2755,1.0,0.0,0,1,1
2756,0.0,1.0,1,2,0
2757,1.0,0.0,1,1,1
2758,0.0,0.0,1,2,1
2759,1.0,0.0,1,0,0
2760,0.0,0.0,1,2,0
2763,1.0,0.0,1,1,0
2764,0.0,0.0,1,0,1
2766,0.0,0.0,1,2,0
2767,0.0,0.0,1,2,0
2768,1.0,0.0,1,1,0
2770,1.0,0.0,1,2,0
2771,1.0,0.0,0,1,0
2773,0.0,1.0,1,2,0
2774,0.0,1.0,1,1,1
2775,0.0,0.0,2,2,0
2776,0.0,0.0,1,2,0
2777,0.0,0.0,1,1,0
2780,1.0,1.0,1,1,0
2781,0.0,1.0,1,0,1
2782,0.0,1.0,1,1,1
2784,0.0,0.0,1,0,1
2785,1.0,1.0,2,1,1
2786,0.0,1.0,2,2,1
2787,1.0,0.0,1,0,1
2788,0.0,0.0,1,0,0
2789,0.0,1.0,1,2,0
2790,1.0,1.0,1,0,1
2791,0.0,1.0,1,2,1
2792,0.0,0.0,1,1,0
2793,0.0,0.0,2,2,1
2795,0.0,0.0,1,2,0
2796,0.0,0.0,0,0,1
2797,0.0,0.0,1,2,0
2798,1.0,0.0,2,1,1
2799,0.0,0.0,0,0,0
2801,0.0,1.0,1,2,1
2803,0.0,1.0,0,1,0
2805,1.0,0.0,2,1,1
2806,0.0,1.0,1,1,1
2810,1.0,0.0,0,0,0
2812,1.0,0.0,2,2,1
2813,1.0,0.0,2,1,1
2814,0.0,0.0,1,1,1
2815,0.0,0.0,1,2,1
2817,0.0,0.0,0,1,0
2818,0.0,0.0,0,1,0
2819,1.0,0.0,0,1,0
2820,0.0,1.0,1,2,0
2821,0.0,1.0,1,2,0
2822,0.0,1.0,2,2,0
2823,0.0,0.0,2,2,0
2824,0.0,1.0,1,1,1
2825,1.0,0.0,2,1,1
2826,0.0,0.0,1,2,1
2828,0.0,1.0,0,1,0
2829,1.0,0.0,0,0,1
2830,0.0,0.0,0,0,0
2831,0.0,1.0,1,2,1
2832,0.0,1.0,1,1,0
2833,0.0,1.0,2,2,0
2834,1.0,0.0,2,2,0
2836,0.0,0.0,1,0,1
2837,0.0,0.0,0,1,1
2838,1.0,0.0,1,0,1
2839,0.0,0.0,2,2,1
2841,0.0,0.0,1,1,0
2843,0.0,0.0,0,1,0
2844,1.0,0.0,2,1,0
2845,0.0,0.0,0,0,0
2846,1.0,1.0,1,2,0
2847,1.0,0.0,0,0,1
2848,0.0,1.0,1,1,0
2850,1.0,1.0,2,0,1
2852,1.0,0.0,1,1,1
2853,0.0,1.0,1,1,0
2855,0.0,0.0,1,1,1
2856,1.0,1.0,2,0,1
2857,0.0,1.0,0,1,0
2858,1.0,1.0,1,1,0
2860,0.0,0.0,0,1,0
2861,1.0,1.0,1,2,0
2862,1.0,1.0,2,1,1
2863,0.0,1.0,2,2,0
2864,0.0,0.0,0,1,0
2865,0.0,1.0,1,1,0
2866,0.0,0.0,1,2,0
2867,1.0,0.0,1,1,0
2868,1.0,0.0,1,1,1
2869,1.0,0.0,2,0,1
2870,0.0,1.0,1,1,1
2871,0.0,0.0,0,0,0
2872,0.0,1.0,0,0,1
2873,1.0,1.0,2,2,0
2874,0.0,0.0,1,1,0
2875,0.0,1.0,0,1,0
2876,1.0,1.0,2,0,1
2877,0.0,0.0,1,0,1
2879,0.0,0.0,1,2,1
2880,0.0,0.0,1,0,0
2882,1.0,1.0,2,0,0
2883,0.0,0.0,1,1,1
2884,1.0,0.0,1,2,0
2885,1.0,0.0,2,1,1
2886,1.0,1.0,1,0,1
2887,0.0,1.0,2,1,0
2888,1.0,0.0,2,1,1
2889,1.0,0.0,2,1,1
2890,1.0,0.0,0,0,0
2891,0.0,0.0,2,2,0
2892,0.0,0.0,1,0,1
2894,1.0,1.0,1,0,1
2895,0.0,1.0,1,1,1
2897,1.0,1.0,2,1,0
2898,1.0,1.0,0,0,1
2900,1.0,1.0,1,2,0
2902,0.0,0.0,0,2,0
2903,1.0,1.0,2,1,1
2904,1.0,1.0,2,0,1
2905,1.0,1.0,0,1,1
2906,0.0,1.0,1,1,0
2907,1.0,1.0,2,1,1
2908,1.0,0.0,0,2,1
2909,1.0,0.0,1,0,1
2910,1.0,0.0,1,1,1
2911,0.0,0.0,0,1,1
2912,0.0,0.0,0,1,0
2913,0.0,0.0,1,0,1
2914,0.0,0.0,0,0,1
2915,1.0,1.0,2,1,1
2916,0.0,0.0,1,2,0
2917,0.0,0.0,1,2,0
2919,0.0,0.0,1,2,0
2920,0.0,0.0,0,1,1
2921,1.0,0.0,2,2,1
2922,0.0,0.0,1,1,1
2923,1.0,0.0,2,2,0
2924,0.0,1.0,1,1,1
2925,0.0,0.0,1,1,0
2927,1.0,1.0,2,0,1
2928,1.0,0.0,1,0,1
2929,0.0,1.0,1,0,0
2930,0.0,1.0,1,0,1
2931,0.0,0.0,2,2,0
2932,0.0,0.0,2,2,1
2933,0.0,1.0,1,1,1
2934,1.0,0.0,1,2,0
2935,0.0,0.0,2,2,1
2936,0.0,0.0,1,2,0
2937,0.0,0.0,0,1,0
2938,1.0,0.0,0,1,0
2940,0.0,0.0,1,1,0
2941,0.0,0.0,0,0,1
2942,0.0,0.0,1,2,1
2943,0.0,0.0,2,0,1
2944,0.0,0.0,0,1,1
2945,0.0,0.0,0,0,1
2946,1.0,0.0,1,2,0
2947,0.0,0.0,1,2,1
2948,0.0,0.0,0,1,0
2949,1.0,1.0,2,1,1
2950,0.0,1.0,1,1,0
2951,0.0,0.0,0,1,0
2952,1.0,0.0,0,0,1
2953,0.0,0.0,1,2,1
2954,0.0,0.0,1,1,0
2955,0.0,0.0,0,0,0
2956,1.0,1.0,2,1,0
2957,0.0,0.0,2,1,1
2958,0.0,0.0,0,0,0
2960,0.0,0.0,2,2,1
2961,1.0,1.0,2,1,0
2962,0.0,0.0,0,0,1
2963,0.0,0.0,0,2,0
2964,0.0,0.0,1,1,0
2965,1.0,0.0,1,0,1
2966,1.0,0.0,0,0,1
2968,1.0,0.0,1,2,0
2971,1.0,0.0,0,1,0
2972,0.0,1.0,1,0,1
2973,1.0,0.0,1,1,1
2974,0.0,0.0,1,2,1
2975,1.0,0.0,1,1,1
2976,0.0,1.0,1,1,0
2977,0.0,0.0,1,0,0
2978,0.0,1.0,1,2,0
2979,0.0,0.0,0,1,1
2981,0.0,0.0,1,1,1
2982,0.0,1.0,1,1,1
2983,1.0,0.0,1,1,1
2984,1.0,0.0,1,0,1
2985,0.0,1.0,1,1,0
2987,0.0,1.0,1,2,1
2988,0.0,0.0,1,0,0
2990,0.0,1.0,1,1,1
2991,0.0,1.0,2,0,1
2992,1.0,0.0,0,0,0
2993,1.0,1.0,1,2,1
2994,1.0,0.0,1,2,0
2995,1.0,0.0,1,1,1
2996,0.0,0.0,2,0,0
2997,0.0,0.0,1,2,0
2998,0.0,0.0,2,2,1
2999,0.0,1.0,2,2,1
3000,1.0,1.0,2,1,1
3002,1.0,1.0,1,0,0
3003,0.0,0.0,0,1,0
3005,1.0,0.0,1,2,1
3006,0.0,1.0,0,0,0
3008,0.0,0.0,1,2,0
3009,0.0,1.0,2,0,0
3010,0.0,0.0,1,2,0
3011,0.0,0.0,2,2,0
3012,0.0,0.0,1,1,0
3015,0.0,0.0,0,1,0
3016,1.0,1.0,2,0,1
3017,0.0,0.0,1,2,0
3018,0.0,1.0,1,0,1
3019,1.0,0.0,1,2,0
3020,0.0,0.0,1,1,1
3021,0.0,1.0,0,1,1
3022,0.0,0.0,0,2,0
3023,1.0,1.0,1,0,0
3024,0.0,0.0,0,1,1
3025,1.0,0.0,1,0,1
3027,0.0,0.0,1,1,0
3028,1.0,0.0,1,2,1
3029,1.0,0.0,0,1,1
3030,1.0,1.0,2,0,0
3031,1.0,0.0,1,1,1
3032,1.0,1.0,2,0,0
3033,0.0,0.0,1,2,0
3034,1.0,1.0,1,0,0
3035,0.0,0.0,0,1,0
3036,0.0,0.0,1,1,0
3038,0.0,0.0,1,2,0
3039,1.0,1.0,1,1,1
3040,0.0,1.0,1,2,0
3042,1.0,1.0,0,1,1
3043,1.0,0.0,1,1,1
3045,0.0,0.0,1,0,1
3046,0.0,0.0,0,1,0
3047,1.0,1.0,1,2,1
3048,1.0,1.0,1,1,0
3049,0.0,1.0,1,2,1
3050,1.0,1.0,2,0,1
3051,0.0,0.0,0,0,1
3052,0.0,1.0,1,2,1
3053,1.0,0.0,1,0,1
3054,1.0,0.0,2,2,0
3055,0.0,1.0,0,0,1
3056,0.0,0.0,1,2,0
3057,1.0,0.0,2,1,1
3058,1.0,1.0,1,0,1
3060,1.0,0.0,2,2,0
3061,0.0,1.0,1,1,0
3062,0.0,1.0,0,0,0
3065,0.0,0.0,2,2,1
3066,1.0,1.0,1,0,1
3068,0.0,0.0,0,1,0
3069,1.0,1.0,1,1,1
3071,1.0,1.0,1,0,0
3072,0.0,1.0,1,2,0
3073,0.0,1.0,2,0,1
3074,0.0,1.0,1,1,1
3075,1.0,1.0,2,0,1
3076,1.0,1.0,1,1,1
3079,0.0,1.0,0,0,1
3080,0.0,0.0,2,2,1
3081,0.0,0.0,0,1,0
3082,1.0,0.0,1,2,1
3084,1.0,0.0,1,1,0
3085,0.0,1.0,2,1,0
3086,1.0,0.0,2,0,0
3087,0.0,1.0,0,0,0
3088,0.0,0.0,1,2,1
3089,1.0,0.0,1,2,0
3090,0.0,0.0,1,1,1
3091,0.0,0.0,2,2,1
3092,0.0,0.0,1,2,0
3093,1.0,0.0,1,1,1
3094,1.0,1.0,1,0,1
3095,1.0,0.0,1,1,1
3096,0.0,0.0,0,1,0
3097,1.0,1.0,1,0,1
3098,0.0,1.0,2,1,0
3099,0.0,0.0,2,2,0
3101,1.0,0.0,0,1,0
3102,0.0,0.0,0,0,0
3103,0.0,0.0,0,0,0
3104,0.0,0.0,0,0,1
3105,0.0,0.0,2,1,1
3106,0.0,0.0,1,2,0
3108,0.0,0.0,1,2,0
3109,0.0,1.0,1,0,1
3110,1.0,0.0,2,1,1
3111,1.0,0.0,1,2,1
3113,0.0,0.0,2,1,1
3114,0.0,0.0,1,2,0
3115,0.0,0.0,1,1,0
3116,1.0,0.0,2,2,0
3118,1.0,0.0,0,1,1
3119,0.0,0.0,0,1,1
3120,1.0,0.0,2,1,1
3121,1.0,0.0,1,1,0
3122,1.0,0.0,1,1,1
3123,1.0,0.0,1,1,1
3124,0.0,0.0,0,0,1
3125,0.0,0.0,0,1,1
3126,1.0,1.0,2,0,1
3127,1.0,0.0,1,1,0
3128,0.0,0.0,1,1,0
3129,1.0,0.0,2,0,0
3130,1.0,0.0,0,1,1
3131,1.0,0.0,1,1,0
3132,0.0,0.0,1,2,1
3133,0.0,0.0,1,0,1
3134,0.0,0.0,1,2,0
3135,0.0,1.0,0,1,1
3136,1.0,1.0,1,2,0
3137,0.0,0.0,1,2,0
3138,0.0,0.0,2,1,1
3140,1.0,0.0,1,2,1
3141,0.0,0.0,1,2,0
3143,1.0,0.0,2,2,1
3145,0.0,0.0,1,0,0
3146,0.0,0.0,2,2,0
3147,1.0,0.0,1,2,0
3148,1.0,0.0,2,1,1
3149,1.0,1.0,0,0,1
3150,0.0,0.0,1,1,1
3151,0.0,1.0,1,1,0
3152,1.0,1.0,1,1,0
3153,0.0,0.0,2,2,0
3154,0.0,1.0,0,2,0
3155,0.0,1.0,1,2,0
3156,0.0,1.0,0,0,0
3158,0.0,0.0,2,1,1
3159,1.0,0.0,1,1,1
3160,1.0,1.0,1,2,1
3161,1.0,0.0,1,1,1
3162,0.0,0.0,1,1,1
3163,0.0,0.0,1,1,1
3164,1.0,1.0,1,1,1
3165,0.0,0.0,1,2,1
3167,1.0,1.0,2,0,1
3168,0.0,0.0,0,1,1
3169,0.0,0.0,1,1,0
3170,0.0,0.0,1,2,1
3171,1.0,1.0,2,1,0
3172,0.0,1.0,1,1,1
3173,0.0,0.0,1,1,0
3174,1.0,1.0,2,1,0
3175,0.0,0.0,1,0,0
3176,0.0,1.0,0,0,1
3177,0.0,0.0,1,2,0
3179,0.0,0.0,1,2,1
3181,0.0,0.0,1,2,0
3182,1.0,1.0,0,1,1
3183,1.0,0.0,2,1,0
3184,0.0,0.0,1,1,1
3185,0.0,0.0,1,2,0
3187,1.0,0.0,0,1,0
3188,0.0,0.0,1,1,0
3189,0.0,0.0,1,0,1
3190,1.0,1.0,1,0,1
3191,0.0,0.0,1,1,1
3192,0.0,0.0,1,1,0
3193,1.0,0.0,1,2,0
3194,0.0,0.0,2,1,0
3195,0.0,1.0,0,1,0
3196,1.0,0.0,1,1,1
3197,0.0,0.0,1,0,1
3199,1.0,0.0,1,2,0
3203,0.0,1.0,0,2,0
3204,0.0,0.0,1,2,0
3206,1.0,1.0,0,0,0
3207,0.0,0.0,0,0,1
3209,0.0,0.0,0,2,0
3214,1.0,0.0,2,0,1
3215,0.0,0.0,2,2,1
3216,0.0,0.0,1,2,0
3218,0.0,1.0,2,1,0
3219,1.0,0.0,2,0,0
3220,0.0,0.0,2,1,0
3221,0.0,0.0,1,2,1
3222,1.0,1.0,1,0,1
3223,0.0,0.0,1,2,0
3224,0.0,0.0,1,1,0
3226,0.0,0.0,1,1,1
3227,0.0,0.0,0,1,0
3228,0.0,0.0,1,2,0
3230,0.0,0.0,2,2,0
3231,0.0,0.0,0,0,0
3232,1.0,0.0,1,1,0
3233,0.0,1.0,0,1,0
3234,1.0,0.0,1,1,1
3235,1.0,0.0,2,2,1
3236,0.0,0.0,0,0,0
3238,0.0,1.0,2,2,0
3239,0.0,0.0,1,2,0
3240,0.0,0.0,0,2,0
3241,0.0,0.0,1,2,1
3242,1.0,1.0,0,0,0
3244,1.0,1.0,1,1,0
3247,0.0,0.0,1,1,0
3249,0.0,0.0,1,2,0
3250,0.0,0.0,2,1,1
3251,0.0,1.0,0,1,1
3252,0.0,0.0,1,1,1
3253,0.0,0.0,0,1,0
3255,0.0,0.0,0,2,0
3256,1.0,0.0,1,2,0
3257,0.0,0.0,1,1,1
3258,0.0,0.0,1,2,0
3259,1.0,1.0,1,1,1
3260,1.0,1.0,1,1,1
3261,1.0,0.0,1,2,0
3262,1.0,1.0,0,2,0
3263,0.0,0.0,2,2,0
3264,0.0,0.0,1,2,0
3266,1.0,0.0,1,1,0
3267,1.0,0.0,1,1,1
3268,1.0,0.0,1,1,1
3269,0.0,0.0,1,1,0
3270,0.0,1.0,0,0,0
3271,0.0,0.0,1,2,0
3272,0.0,0.0,1,0,0
3274,1.0,1.0,1,0,1
3275,0.0,0.0,1,2,0
3276,1.0,1.0,1,0,1
3277,0.0,0.0,1,2,0
3278,1.0,1.0,1,0,0
3279,1.0,0.0,1,1,0
3280,0.0,0.0,1,2,0
3281,0.0,0.0,1,0,1
3282,0.0,0.0,2,2,0
3283,1.0,1.0,0,1,0
3284,0.0,1.0,1,2,0
3285,0.0,0.0,1,2,0
3286,0.0,0.0,1,0,1
3287,1.0,0.0,1,2,1
3288,1.0,0.0,0,1,1
3289,0.0,1.0,2,2,0
3290,1.0,0.0,0,0,0
3291,1.0,0.0,1,2,1
3292,0.0,0.0,0,0,1
3293,0.0,0.0,1,1,1
3294,0.0,0.0,1,2,0
3295,1.0,1.0,1,0,1
3296,0.0,1.0,0,0,1
3297,1.0,0.0,1,1,1
3298,1.0,0.0,1,0,1
3299,0.0,0.0,0,1,0
3300,0.0,1.0,0,0,0
3301,0.0,0.0,2,1,1
3302,0.0,0.0,0,1,0
3303,0.0,0.0,0,1,0
3304,0.0,0.0,0,1,0
3305,1.0,0.0,1,2,0
3306,0.0,1.0,0,1,0
3307,1.0,0.0,1,1,0
3308,1.0,1.0,1,1,1
3310,0.0,0.0,0,1,0
3311,1.0,0.0,1,0,1
3312,0.0,1.0,0,1,0
3313,0.0,0.0,1,1,1
3314,0.0,0.0,2,2,1
3315,0.0,1.0,1,1,0
3316,0.0,1.0,1,2,0
3317,0.0,0.0,1,1,1
3318,1.0,1.0,1,1,1
3320,0.0,1.0,1,0,1
3321,1.0,0.0,2,0,0
3322,1.0,1.0,1,1,0
3323,0.0,1.0,0,0,1
3324,0.0,1.0,1,0,1
3325,0.0,0.0,1,2,0
3326,0.0,0.0,2,2,1
3327,1.0,0.0,1,1,0
3328,0.0,1.0,1,2,0
3330,1.0,1.0,1,2,0
3331,0.0,0.0,1,2,0
3332,1.0,1.0,2,0,1
3333,0.0,0.0,1,1,1
3334,0.0,0.0,1,2,0
3335,0.0,0.0,0,0,0
3336,1.0,0.0,2,2,0
3337,0.0,0.0,1,2,0
3338,0.0,0.0,0,1,0
3340,0.0,0.0,1,2,0
3341,0.0,1.0,2,0,1
3342,0.0,1.0,1,0,1
3343,0.0,0.0,0,2,0
3344,0.0,0.0,1,1,0
3345,0.0,0.0,1,2,1
3346,1.0,1.0,1,0,1
3348,0.0,0.0,1,1,1
3349,0.0,0.0,0,0,0
3350,0.0,1.0,1,1,1
3351,0.0,1.0,1,1,0
3352,1.0,0.0,1,2,0
3354,0.0,0.0,1,1,0
3355,1.0,0.0,0,0,0
3356,0.0,1.0,1,0,0
3357,0.0,1.0,2,2,0
3358,0.0,0.0,2,2,1
3359,1.0,1.0,0,1,1
3360,0.0,0.0,1,1,0
3362,1.0,1.0,1,0,0
3363,0.0,0.0,1,2,0
3364,0.0,1.0,1,1,1
3365,1.0,0.0,2,1,1
3366,0.0,0.0,1,1,0
3367,0.0,0.0,1,2,0
3368,0.0,1.0,1,2,0
3369,0.0,0.0,1,2,0
3370,0.0,1.0,2,1,1
3371,0.0,0.0,1,2,0
3372,0.0,0.0,1,1,1
3373,1.0,0.0,1,0,1
3375,1.0,0.0,1,2,1
3376,1.0,1.0,1,2,1
3377,0.0,0.0,0,2,0
3379,1.0,0.0,1,0,1
3380,0.0,0.0,1,2,1
3381,0.0,1.0,1,0,0
3382,0.0,0.0,1,1,1
3383,0.0,1.0,1,1,1
3385,0.0,0.0,1,1,1
3386,0.0,0.0,1,2,0
3388,1.0,0.0,2,1,1
3389,1.0,0.0,2,1,1
3390,0.0,1.0,0,1,1
3391,0.0,0.0,1,0,1
3392,0.0,0.0,2,2,1
3393,1.0,0.0,2,2,1
3394,0.0,0.0,1,2,0
3395,1.0,0.0,1,1,1
3398,0.0,1.0,2,2,0
3399,0.0,0.0,1,2,0
3400,0.0,0.0,2,0,1
3402,0.0,1.0,2,0,0
3403,1.0,0.0,1,0,1
3404,0.0,0.0,0,1,0
3405,0.0,0.0,0,1,0
3406,0.0,0.0,1,2,1
3407,1.0,0.0,0,2,0
3408,1.0,0.0,1,1,0
3409,0.0,1.0,1,0,0
3410,1.0,0.0,1,0,1
3413,1.0,0.0,1,0,1
3414,0.0,1.0,1,2,0
3415,0.0,0.0,1,0,0
3416,1.0,0.0,2,1,1
3417,1.0,0.0,2,2,0
3418,0.0,0.0,0,0,0
3419,0.0,0.0,0,1,0
3420,0.0,0.0,1,0,0
3421,0.0,0.0,0,1,0
3422,0.0,0.0,1,2,1
3423,0.0,0.0,2,2,1
3425,1.0,0.0,0,1,0
3426,0.0,0.0,1,2,1
3427,0.0,0.0,0,0,0
3428,1.0,0.0,1,1,1
3429,1.0,1.0,2,0,1
3430,0.0,0.0,0,1,0
3431,0.0,1.0,1,2,1
3432,0.0,0.0,1,0,1
3433,1.0,0.0,0,1,1
3435,1.0,0.0,1,1,0
3436,0.0,0.0,1,1,1
3437,1.0,1.0,2,1,1
3439,0.0,1.0,1,0,1
3440,1.0,1.0,1,0,0
3441,1.0,0.0,2,1,1
3442,0.0,0.0,0,1,0
3444,0.0,0.0,0,1,0
3445,1.0,0.0,2,1,1
3446,0.0,1.0,1,0,1
3447,1.0,0.0,1,0,0
3448,1.0,0.0,1,0,1
3449,0.0,1.0,0,0,0
3450,0.0,0.0,1,2,1
3451,1.0,0.0,2,1,1
3452,1.0,0.0,0,0,0
3454,1.0,0.0,1,1,0
3456,1.0,0.0,1,0,0
3458,1.0,0.0,2,1,0
3459,0.0,0.0,1,2,0
3460,1.0,1.0,2,0,1
3461,0.0,0.0,1,2,1
3462,0.0,0.0,1,2,1
3463,0.0,0.0,1,1,0
3464,0.0,1.0,1,2,0
3465,1.0,1.0,1,2,1
3466,0.0,0.0,1,0,0
3467,0.0,0.0,1,2,1
3469,1.0,1.0,1,0,1
3470,1.0,0.0,1,2,0
3471,1.0,1.0,1,0,0
3472,0.0,0.0,1,2,1
3474,0.0,1.0,1,1,0
3476,1.0,1.0,0,1,0
3477,1.0,0.0,2,0,1
3478,0.0,0.0,1,2,1
3479,1.0,0.0,2,1,0
3480,1.0,1.0,1,1,0
3481,1.0,0.0,1,1,0
3482,0.0,1.0,1,0,0
3483,0.0,1.0,1,0,1
3484,1.0,0.0,1,2,1
3485,0.0,0.0,0,0,1
3486,0.0,1.0,1,2,1
3487,1.0,0.0,2,2,1
3488,0.0,1.0,2,1,0
3489,1.0,0.0,2,2,0
3490,1.0,0.0,1,2,0
3491,1.0,1.0,2,1,1
3492,1.0,0.0,1,0,1
3493,0.0,1.0,1,2,1
3494,0.0,0.0,1,2,1
3495,0.0,1.0,1,0,0
3496,1.0,0.0,0,0,0
3497,1.0,0.0,1,1,0
3498,1.0,1.0,0,0,1
3499,0.0,1.0,0,0,0
3500,0.0,1.0,0,1,0
3502,0.0,1.0,1,0,0
3503,1.0,0.0,2,2,1
3504,0.0,1.0,1,1,1
3505,1.0,1.0,1,0,1
3506,1.0,0.0,2,0,1
3507,1.0,0.0,2,2,0
3508,0.0,0.0,1,1,0
3509,0.0,1.0,2,0,1
3510,0.0,1.0,0,1,1
3511,1.0,0.0,1,1,0
3512,0.0,0.0,1,0,1
3515,0.0,0.0,2,1,1
3516,0.0,0.0,1,2,1
3517,0.0,0.0,1,2,0
3518,0.0,1.0,1,2,0
3520,0.0,0.0,0,1,0
3521,1.0,0.0,1,1,1
3522,0.0,1.0,1,0,0
3523,1.0,0.0,1,2,0
3524,0.0,0.0,0,1,1
3525,0.0,0.0,0,0,0
3526,1.0,0.0,1,1,1
3527,0.0,1.0,2,1,1
3528,1.0,0.0,2,1,1
3529,0.0,0.0,1,1,0
3530,0.0,1.0,0,0,1
3531,1.0,0.0,2,0,1
3532,0.0,0.0,1,2,1
3533,0.0,0.0,0,1,0
3534,0.0,0.0,1,2,0
3535,0.0,1.0,1,1,1
3536,0.0,1.0,1,2,1
3539,0.0,0.0,0,1,0
3540,1.0,0.0,1,2,0
3541,0.0,1.0,1,1,1
3542,1.0,1.0,1,0,1
3543,0.0,0.0,1,0,1
3544,0.0,0.0,0,1,0
3545,1.0,0.0,2,1,1
3546,0.0,0.0,1,0,0
3547,1.0,0.0,1,2,1
3548,0.0,0.0,1,1,1
3549,1.0,0.0,1,2,0
3550,0.0,1.0,1,2,0
3551,0.0,0.0,0,1,0
3552,1.0,1.0,1,1,0
3553,1.0,1.0,2,2,0
3554,0.0,0.0,0,1,0
3555,0.0,1.0,2,1,0
3557,1.0,1.0,2,1,1
3558,0.0,0.0,0,1,0
3560,0.0,0.0,1,1,0
3561,0.0,1.0,2,0,1
3562,0.0,1.0,1,2,0
3563,0.0,0.0,1,1,0
3564,1.0,0.0,1,1,0
3565,0.0,1.0,1,2,0
3566,0.0,0.0,2,2,1
3567,0.0,1.0,1,2,0
3568,1.0,0.0,1,0,1
3569,1.0,0.0,1,1,1
3570,1.0,0.0,1,1,1
3571,0.0,0.0,0,2,0
3572,1.0,0.0,1,0,0
3573,1.0,0.0,1,2,1
3574,0.0,0.0,1,2,0
3575,0.0,0.0,0,1,0
3576,0.0,1.0,2,0,1
3577,0.0,0.0,1,2,0
3578,0.0,0.0,1,1,1
3579,0.0,0.0,0,1,0
3580,0.0,0.0,0,0,0
3581,1.0,0.0,1,0,0
3582,0.0,0.0,0,0,1
3583,0.0,0.0,1,2,1
3584,0.0,1.0,1,0,1
3586,1.0,0.0,1,0,1
3587,0.0,0.0,0,1,1
3589,1.0,0.0,1,2,1
3590,1.0,0.0,2,1,1
3591,0.0,0.0,0,0,0
3592,0.0,0.0,1,0,1
3593,0.0,0.0,0,2,0
3594,1.0,0.0,0,0,1
3595,1.0,0.0,1,1,1
3597,0.0,0.0,2,2,1
3598,0.0,0.0,0,1,1
3600,1.0,0.0,2,2,1
3601,0.0,0.0,1,1,0
3602,0.0,0.0,0,1,0
3603,0.0,0.0,2,0,1
3604,1.0,0.0,0,1,0
3606,0.0,1.0,1,1,1
3607,1.0,1.0,1,0,1
3610,0.0,1.0,2,1,1
3612,1.0,1.0,1,1,0
3613,0.0,1.0,1,0,1
3614,1.0,0.0,2,1,1
3616,0.0,0.0,1,2,1
3617,1.0,0.0,1,2,0
3618,1.0,0.0,1,0,1
3619,0.0,0.0,1,1,1
3620,1.0,0.0,0,1,0
3623,1.0,0.0,0,1,0
3624,0.0,0.0,2,1,1
3625,0.0,1.0,0,1,0
3626,0.0,0.0,1,2,0
3627,0.0,1.0,1,0,1
3628,1.0,1.0,2,1,0
3629,0.0,0.0,0,1,1
3630,1.0,0.0,1,2,0
3631,1.0,1.0,2,0,1
3633,0.0,0.0,0,2,0
3634,0.0,0.0,1,2,1
3635,0.0,0.0,2,2,0
3636,1.0,0.0,0,0,1
3637,0.0,1.0,1,2,1
3638,0.0,0.0,2,2,0
3639,0.0,1.0,2,0,0
3640,1.0,1.0,1,1,1
3642,0.0,0.0,1,0,1
3643,1.0,0.0,1,0,0
3644,0.0,0.0,1,2,0
3645,0.0,0.0,1,0,1
3646,0.0,0.0,2,2,1
3648,0.0,1.0,1,2,1
3649,1.0,0.0,1,1,1
3650,0.0,0.0,1,1,0
3651,0.0,0.0,1,2,0
3653,0.0,0.0,0,1,0
3654,0.0,0.0,1,2,1
3655,0.0,1.0,1,2,0
3656,0.0,0.0,2,2,1
3657,0.0,0.0,1,2,0
3658,0.0,0.0,1,2,0
3659,1.0,1.0,1,1,1
3660,0.0,0.0,1,2,0
3661,1.0,0.0,1,2,0
3662,1.0,1.0,1,2,0
3663,1.0,1.0,0,1,0
3664,1.0,0.0,1,0,1
3666,1.0,1.0,1,0,1
3667,0.0,1.0,1,0,0
3668,1.0,0.0,2,1,1
3669,1.0,1.0,1,1,0
3670,0.0,0.0,1,2,1
3671,0.0,0.0,1,0,1
3672,1.0,0.0,1,1,1
3673,0.0,0.0,2,2,0
3675,0.0,0.0,2,2,1
3676,1.0,1.0,2,0,0
3677,0.0,0.0,1,1,0
3678,1.0,1.0,2,1,1
3679,1.0,1.0,2,1,1
3680,0.0,0.0,1,2,0
3681,1.0,0.0,2,1,1
3682,1.0,1.0,1,0,0
3683,0.0,0.0,1,2,0
3684,1.0,0.0,1,1,1
3686,1.0,1.0,1,2,0
3687,0.0,1.0,1,0,1
3688,1.0,0.0,1,0,1
3689,1.0,1.0,2,1,1
3692,1.0,0.0,1,2,0
3694,0.0,0.0,0,2,0
3695,0.0,1.0,1,0,0
3696,1.0,0.0,1,1,1
3697,0.0,0.0,1,2,1
3698,1.0,0.0,1,2,1
3699,0.0,0.0,1,1,0
3700,0.0,0.0,1,0,1
3701,1.0,1.0,1,0,1
3702,0.0,0.0,1,2,0
3703,0.0,0.0,0,0,0
3704,1.0,1.0,1,1,1
3705,1.0,0.0,1,0,1
3706,0.0,0.0,1,1,1
3707,1.0,0.0,2,2,1
3708,1.0,0.0,1,1,0
3710,0.0,0.0,1,1,1
3711,0.0,0.0,1,2,0
3712,1.0,0.0,0,2,0
3713,1.0,0.0,1,1,0
3715,0.0,0.0,1,2,0
3716,1.0,1.0,2,2,0
3717,1.0,1.0,0,0,1
3718,1.0,0.0,2,2,0
3719,0.0,0.0,1,2,0
3720,0.0,1.0,1,2,0
3721,0.0,0.0,1,2,0
3722,0.0,0.0,0,0,1
3724,1.0,1.0,2,0,1
3725,1.0,0.0,1,1,0
3726,1.0,0.0,0,1,0
3727,1.0,1.0,1,1,1
3728,1.0,1.0,1,0,0
3729,0.0,0.0,1,2,0
3730,1.0,1.0,2,0,1
3731,1.0,1.0,1,2,0
3732,0.0,1.0,0,0,1
3735,1.0,0.0,1,2,0
3738,0.0,0.0,2,2,1
3739,1.0,0.0,2,1,0
3741,0.0,0.0,1,2,1
3742,0.0,1.0,1,1,0
3743,0.0,0.0,0,1,1
3744,0.0,0.0,2,2,1
3745,0.0,1.0,0,1,0
3746,1.0,1.0,2,1,1
3747,0.0,0.0,0,1,0
3748,1.0,1.0,2,1,0
3749,0.0,0.0,1,2,1
3750,0.0,0.0,1,1,1
3751,1.0,1.0,0,2,0
3752,0.0,0.0,1,2,0
3753,1.0,0.0,1,2,0
3754,1.0,1.0,1,0,0
3755,0.0,0.0,0,0,1
3756,0.0,0.0,1,0,0
3757,1.0,1.0,2,0,1
3758,0.0,0.0,2,1,1
3759,0.0,0.0,1,1,0
3760,0.0,1.0,1,2,0
3761,1.0,1.0,1,0,1
3762,0.0,0.0,1,1,1
3763,1.0,1.0,2,0,1
3764,0.0,0.0,1,1,1
3765,0.0,0.0,0,1,0
3767,0.0,0.0,2,2,0
3768,1.0,1.0,1,0,1
3769,0.0,0.0,1,2,0
3770,1.0,0.0,2,1,1
3771,0.0,0.0,1,2,1
3772,0.0,1.0,1,1,1
3773,0.0,0.0,1,1,1
3774,1.0,1.0,1,0,1
3775,1.0,0.0,1,0,1
3776,1.0,1.0,1,0,0
3778,0.0,0.0,2,2,1
3779,0.0,1.0,2,2,1
3780,0.0,1.0,1,1,1
3781,1.0,0.0,1,2,0
3782,0.0,0.0,1,1,1
3783,1.0,0.0,2,1,1
3784,1.0,0.0,1,1,1
3786,0.0,1.0,1,2,0
3788,1.0,0.0,1,1,0
3789,0.0,0.0,1,0,1
3790,1.0,1.0,2,0,1
3793,1.0,1.0,1,1,0
3794,0.0,0.0,1,1,0
3795,1.0,1.0,1,0,1
3798,0.0,1.0,1,2,1
3799,1.0,0.0,2,2,0
3800,0.0,0.0,0,2,0
3801,1.0,0.0,1,0,0
3802,0.0,0.0,1,2,0
3803,0.0,1.0,2,2,0
3804,0.0,1.0,1,2,0
3805,0.0,0.0,0,1,0
3806,0.0,0.0,2,2,1
3807,0.0,0.0,1,0,0
3808,1.0,1.0,1,0,0
3809,0.0,0.0,1,1,0
3810,1.0,1.0,1,0,0
3811,0.0,0.0,0,0,1
3812,1.0,0.0,0,1,0
3813,1.0,1.0,1,1,1
3814,0.0,1.0,1,0,1
3815,0.0,0.0,0,2,0
3816,1.0,0.0,2,0,1
3817,0.0,1.0,0,1,0
3818,0.0,0.0,1,2,0
3819,1.0,0.0,1,1,1
3820,0.0,0.0,0,1,1
3821,1.0,0.0,2,1,1
3822,1.0,0.0,2,1,1
3823,1.0,1.0,2,1,0
3824,0.0,1.0,0,1,0
3825,1.0,1.0,1,0,1
3826,1.0,1.0,1,0,0
3827,1.0,1.0,1,1,1
3828,0.0,0.0,1,2,0
3830,0.0,0.0,1,1,1
3831,0.0,1.0,1,0,1
3832,1.0,1.0,1,1,0
3833,1.0,0.0,1,2,0
3834,0.0,0.0,2,1,1
3835,0.0,0.0,1,0,0
3836,0.0,1.0,1,0,1
3837,0.0,0.0,1,2,0
3838,0.0,0.0,0,1,1
3839,1.0,1.0,1,0,1
3840,1.0,0.0,1,1,0
3841,0.0,0.0,2,2,0
3843,0.0,0.0,1,2,0
3845,1.0,0.0,1,1,0
3846,1.0,0.0,2,1,1
3847,0.0,0.0,1,2,0
3848,0.0,1.0,0,0,0
3849,0.0,0.0,1,2,0
3851,0.0,0.0,1,0,1
3852,0.0,0.0,1,0,1
3853,0.0,0.0,1,0,0
3854,1.0,0.0,1,1,0
3855,1.0,0.0,2,1,0
3856,1.0,1.0,2,0,1
3857,0.0,0.0,0,1,0
3858,0.0,0.0,2,1,0
3859,0.0,1.0,1,0,0
3860,1.0,0.0,1,0,1
3861,0.0,0.0,0,0,0
3862,1.0,0.0,0,1,1
3863,1.0,0.0,1,2,1
3864,1.0,1.0,0,0,1
3865,0.0,0.0,1,0,1
3866,1.0,0.0,1,2,1
3868,0.0,0.0,0,2,0
3869,0.0,0.0,1,2,0
3870,1.0,0.0,2,2,0
3871,0.0,1.0,1,1,1
3872,0.0,0.0,1,2,1
3873,1.0,1.0,1,1,0
3875,0.0,0.0,1,1,1
3876,1.0,0.0,0,0,0
3877,0.0,1.0,1,2,0
3878,0.0,1.0,1,1,0
3879,0.0,1.0,1,1,0
3880,1.0,1.0,2,2,0
3881,1.0,0.0,1,1,1
3882,0.0,1.0,1,2,0
3883,0.0,1.0,2,0,1
3884,1.0,0.0,2,0,1
3885,1.0,0.0,1,1,0
3886,1.0,0.0,1,0,0
3887,1.0,0.0,1,1,0
3888,1.0,0.0,1,2,0
3889,0.0,0.0,2,1,0
3890,0.0,0.0,1,0,0
3891,0.0,0.0,0,1,0
3892,0.0,1.0,1,0,0
3893,0.0,1.0,1,2,0
3894,1.0,0.0,2,1,1
3895,1.0,0.0,1,1,0
3898,1.0,1.0,1,1,1
3899,1.0,1.0,2,1,1
3901,0.0,0.0,1,2,1
3904,1.0,1.0,1,2,1
3906,0.0,0.0,0,1,0
3907,1.0,1.0,2,0,1
3908,1.0,0.0,0,1,0
3909,0.0,0.0,0,1,1
3910,1.0,1.0,0,2,0
3911,0.0,0.0,1,2,0
3912,1.0,0.0,2,2,0
3913,1.0,1.0,1,0,0
3914,1.0,0.0,1,1,1
3915,1.0,0.0,2,1,1
3916,1.0,1.0,2,2,0
3917,0.0,0.0,0,1,1
3918,1.0,0.0,2,1,1
3919,1.0,0.0,1,1,0
3920,0.0,0.0,0,1,0
3921,0.0,0.0,1,2,1
3922,1.0,1.0,1,1,0
3923,0.0,0.0,1,0,0
3924,0.0,1.0,1,2,1
3925,1.0,1.0,2,0,1
3926,1.0,0.0,1,2,0
3927,1.0,1.0,0,0,1
3928,1.0,1.0,1,0,1
3930,0.0,1.0,0,1,1
3931,1.0,1.0,2,1,1
3932,0.0,0.0,0,0,0
3933,1.0,0.0,1,2,1
3934,0.0,0.0,1,2,0
3935,1.0,0.0,0,1,1
3936,0.0,0.0,0,0,0
3937,0.0,0.0,1,2,0
3938,0.0,1.0,1,0,1
3940,1.0,0.0,1,2,1
3941,0.0,0.0,1,2,1
3942,0.0,1.0,1,2,1
3943,1.0,1.0,2,0,1
3944,1.0,0.0,0,1,1
3945,1.0,0.0,1,1,1
3946,1.0,0.0,1,2,0
3947,1.0,0.0,1,2,0
3948,1.0,1.0,1,1,0
3949,1.0,0.0,2,2,0
3951,0.0,0.0,1,1,1
3952,0.0,0.0,1,1,0
3953,0.0,0.0,0,0,0
3954,0.0,0.0,2,2,1
3955,0.0,1.0,0,0,1
3956,1.0,0.0,0,1,0
3959,0.0,1.0,1,0,0
3960,1.0,0.0,2,1,1
3961,1.0,1.0,1,2,0
3962,1.0,0.0,2,1,1
3963,0.0,0.0,0,1,0
3964,1.0,1.0,1,1,1
3965,0.0,0.0,2,2,1
3966,1.0,0.0,2,1,1
3967,0.0,0.0,1,2,1
3968,0.0,1.0,0,1,1
3969,0.0,0.0,0,0,0
3970,1.0,0.0,1,2,0
3972,1.0,0.0,2,2,1
3973,1.0,1.0,1,0,1
3974,0.0,0.0,2,2,1
3975,1.0,1.0,2,2,1
3976,0.0,1.0,1,2,0
3977,0.0,1.0,1,0,0
3978,0.0,0.0,2,2,1
3979,1.0,0.0,1,0,1
3981,0.0,0.0,1,2,0
3982,1.0,0.0,0,0,1
3983,1.0,0.0,1,0,1
3984,0.0,0.0,1,1,1
3985,0.0,1.0,1,1,0
3986,1.0,1.0,1,1,1
3987,0.0,0.0,2,2,0
3988,0.0,0.0,1,1,0
3989,0.0,0.0,1,0,1
3990,0.0,0.0,1,2,1
3991,1.0,0.0,2,2,1
3992,0.0,0.0,1,2,0
3993,1.0,0.0,1,2,0
3994,0.0,1.0,1,2,0
3995,0.0,1.0,0,1,0
3996,1.0,0.0,1,1,0
3997,0.0,0.0,1,2,0
3998,0.0,0.0,1,2,0
3999,1.0,0.0,1,0,0
4000,1.0,1.0,1,0,1
4001,0.0,0.0,0,1,0
4002,0.0,0.0,1,2,0
4003,0.0,0.0,1,2,1
4004,1.0,0.0,0,0,1
4005,0.0,0.0,1,0,0
4006,1.0,0.0,0,0,1
4007,1.0,0.0,0,0,1
4008,0.0,1.0,2,0,1
4009,0.0,1.0,1,0,0
4010,0.0,1.0,2,1,0
4011,1.0,0.0,1,1,1
4012,0.0,0.0,1,1,0
4013,0.0,0.0,1,2,0
4014,1.0,0.0,2,2,1
4015,0.0,1.0,1,2,1
4016,1.0,0.0,0,1,1
4017,0.0,0.0,1,2,1
4018,0.0,1.0,1,0,1
4019,0.0,0.0,1,1,1
4020,0.0,1.0,2,1,1
4021,1.0,0.0,2,0,1
4022,0.0,0.0,1,2,1
4023,0.0,1.0,1,2,0
4024,1.0,0.0,2,0,1
4025,0.0,1.0,1,1,1
4026,0.0,0.0,1,0,1
4027,0.0,0.0,2,2,0
4028,0.0,1.0,1,2,1
4029,0.0,1.0,1,0,1
4030,0.0,0.0,0,0,0
4031,0.0,1.0,1,0,1
4032,0.0,0.0,0,0,0
4033,1.0,0.0,1,0,1
4034,0.0,1.0,1,0,1
4035,0.0,1.0,1,0,1
4036,0.0,1.0,1,1,1
4037,1.0,1.0,1,2,1
4038,0.0,0.0,1,2,1
4039,0.0,0.0,1,2,0
4040,0.0,0.0,1,2,1
4041,1.0,0.0,1,1,1
4042,0.0,1.0,1,2,1
4043,0.0,0.0,1,1,1
4044,1.0,1.0,1,2,0
4045,1.0,1.0,0,1,0
4046,0.0,1.0,2,2,0
4047,1.0,0.0,0,2,0
4048,0.0,1.0,1,2,0
4049,0.0,0.0,2,1,1
4050,1.0,0.0,1,1,0
4051,0.0,1.0,2,0,1
4052,0.0,0.0,1,1,1
4053,0.0,0.0,0,2,1
4054,1.0,1.0,1,2,1
4055,1.0,0.0,1,2,0
4056,0.0,1.0,0,1,0
4057,0.0,1.0,1,0,1
4058,1.0,1.0,0,1,1
4059,0.0,0.0,1,1,0
4060,1.0,0.0,2,1,0
4061,0.0,0.0,1,1,1
4062,1.0,0.0,2,2,1
4063,0.0,1.0,1,1,1
4064,1.0,1.0,0,1,0
4065,0.0,0.0,0,1,0
4066,1.0,0.0,2,1,1
4067,1.0,1.0,1,2,0
4069,1.0,0.0,2,1,1
4071,0.0,1.0,1,1,0
4072,0.0,0.0,2,2,0
4074,0.0,1.0,1,0,0
4075,0.0,0.0,1,1,1
4076,0.0,0.0,0,1,0
4077,0.0,1.0,2,0,1
4078,1.0,0.0,1,1,1
4080,0.0,0.0,0,0,0
4081,0.0,1.0,1,2,1
4082,1.0,1.0,1,1,1
4086,1.0,1.0,1,0,0
4087,0.0,0.0,0,1,0
4088,1.0,1.0,2,0,1
4089,1.0,1.0,1,2,0
4091,0.0,0.0,2,1,1
4092,0.0,0.0,2,1,1
4095,0.0,0.0,2,1,1
4096,0.0,0.0,2,0,1
4097,1.0,1.0,1,1,1
4098,1.0,1.0,2,0,1
4100,1.0,0.0,1,2,1
4101,0.0,1.0,1,2,0
4102,1.0,0.0,1,1,1
4103,1.0,0.0,1,1,0
4104,0.0,0.0,0,1,0
4105,0.0,0.0,1,2,1
4106,0.0,1.0,1,2,0
4107,1.0,1.0,2,1,1
4108,1.0,0.0,1,1,0
4109,0.0,0.0,1,0,1
4110,0.0,1.0,1,1,1
4111,1.0,1.0,2,0,0
4112,0.0,0.0,1,0,1
4113,1.0,0.0,1,1,1
4115,0.0,0.0,1,0,1
4116,0.0,1.0,1,0,1
4117,1.0,0.0,1,2,1
4119,0.0,0.0,0,0,1
4120,1.0,0.0,1,0,0
4121,0.0,0.0,0,2,0
4122,1.0,1.0,1,0,1
4123,1.0,0.0,1,2,0
4124,0.0,1.0,2,1,1
4125,0.0,1.0,1,0,1
4126,0.0,1.0,1,1,0
4127,1.0,0.0,1,2,1
4128,0.0,1.0,0,0,1
4129,0.0,1.0,1,1,1
4130,0.0,0.0,1,1,0
4131,0.0,1.0,0,0,1
4133,0.0,0.0,1,2,0
4134,0.0,1.0,0,1,1
4135,0.0,0.0,1,2,0
4136,1.0,0.0,0,0,0
4137,0.0,0.0,1,2,0
4138,1.0,0.0,1,2,0
4139,0.0,1.0,0,1,0
4140,0.0,0.0,1,2,0
4141,0.0,1.0,1,1,1
4142,1.0,0.0,1,1,0
4143,1.0,1.0,2,1,0
4145,1.0,1.0,0,1,0
4146,0.0,0.0,2,2,1
4147,1.0,1.0,1,1,1
4148,0.0,0.0,2,0,0
4149,0.0,1.0,1,0,1
4150,0.0,0.0,1,2,0
4151,0.0,0.0,2,2,1
4152,0.0,1.0,1,1,0
4153,0.0,1.0,2,2,0
4155,1.0,1.0,1,2,1
4156,0.0,0.0,0,0,1
4157,0.0,0.0,0,1,0
4158,0.0,0.0,1,0,1
4159,0.0,1.0,2,0,1
4160,1.0,0.0,2,2,0
4162,0.0,0.0,2,1,0
4163,1.0,0.0,1,0,1
4164,0.0,0.0,0,1,1
4166,0.0,0.0,2,2,0
4167,0.0,1.0,1,2,0
4168,0.0,0.0,1,2,0
4169,1.0,0.0,1,1,1
4170,0.0,0.0,1,2,0
4171,0.0,0.0,1,2,0
4172,0.0,1.0,1,2,0
4173,0.0,1.0,1,1,0
4174,0.0,0.0,2,1,1
4175,1.0,0.0,1,1,0
4176,0.0,0.0,1,2,0
4177,1.0,0.0,0,1,1
4178,0.0,0.0,1,1,1
4179,0.0,0.0,1,2,0
4180,0.0,0.0,1,1,0
4181,1.0,1.0,2,0,0
4182,0.0,0.0,0,2,0
4185,1.0,0.0,1,2,0
4186,0.0,0.0,2,2,1
4187,0.0,1.0,0,1,0
4188,0.0,0.0,2,2,0
4189,0.0,1.0,0,1,0
4190,0.0,0.0,2,1,1
4191,1.0,1.0,2,1,1
4192,1.0,0.0,2,2,1
4193,1.0,1.0,1,0,1
4194,1.0,0.0,1,2,1
4195,0.0,0.0,1,0,0
4196,1.0,0.0,2,1,1
4197,0.0,1.0,1,1,1
4198,1.0,0.0,2,2,1
4200,0.0,0.0,1,0,0
4202,0.0,0.0,2,2,0
4204,0.0,1.0,2,0,1
4205,0.0,1.0,0,2,0
4206,0.0,0.0,0,1,1
4208,0.0,0.0,1,1,1
4210,0.0,1.0,1,2,1
4211,1.0,1.0,1,2,0
4212,0.0,1.0,2,0,1
4214,1.0,0.0,1,1,1
4215,1.0,0.0,1,1,0
4218,0.0,0.0,1,2,0
4219,0.0,0.0,1,2,1
4220,0.0,1.0,0,1,0
4221,1.0,0.0,1,2,1
4222,1.0,1.0,1,0,0
4223,0.0,0.0,0,0,1
4224,1.0,1.0,1,2,0
4225,0.0,1.0,2,2,0
4226,0.0,0.0,1,1,1
4227,0.0,0.0,1,2,0
4228,0.0,0.0,1,2,0
4230,0.0,1.0,2,2,0
4231,0.0,0.0,0,1,0
4232,0.0,0.0,1,2,1
4233,1.0,1.0,2,0,1
4234,0.0,0.0,1,2,1
4235,0.0,0.0,2,1,1
4237,0.0,0.0,0,0,0
4238,1.0,0.0,2,2,0
4239,0.0,0.0,1,2,0
4240,0.0,1.0,1,1,1
4241,1.0,0.0,2,2,0
4243,0.0,0.0,1,2,0
4244,0.0,1.0,0,0,0
4245,0.0,0.0,1,2,0
4246,1.0,0.0,2,2,1
4247,1.0,0.0,2,0,1
4248,0.0,0.0,2,0,1
4249,0.0,1.0,1,0,1
4250,1.0,1.0,2,0,1
4251,0.0,0.0,1,1,0
4252,0.0,0.0,0,0,0
4253,1.0,1.0,1,0,0
4254,1.0,1.0,1,1,1
4256,1.0,0.0,0,0,1
4257,0.0,1.0,1,2,0
4258,1.0,0.0,1,1,1
4259,1.0,0.0,0,0,1
4260,0.0,0.0,2,0,1
4261,0.0,1.0,1,2,0
4263,0.0,0.0,1,2,0
4264,1.0,0.0,1,2,1
4265,0.0,1.0,1,0,0
4266,0.0,0.0,1,2,1
4267,0.0,1.0,1,1,0
4268,1.0,0.0,1,1,1
4269,0.0,0.0,2,2,0
4270,1.0,0.0,1,1,1
4271,0.0,1.0,1,1,1
4272,0.0,0.0,1,1,1
4273,1.0,0.0,1,2,0
4274,0.0,0.0,0,1,0
4275,1.0,0.0,1,0,1
4276,1.0,0.0,2,1,0
4278,0.0,1.0,0,0,1
4279,0.0,0.0,1,2,0
4281,0.0,1.0,0,1,0
4283,0.0,0.0,1,2,1
4284,1.0,0.0,0,1,0
4285,1.0,1.0,2,1,1
4286,1.0,0.0,1,2,0
4287,1.0,1.0,1,0,0
4289,1.0,1.0,0,2,0
4292,0.0,0.0,0,1,0
4293,0.0,1.0,2,0,0
4294,0.0,0.0,2,2,0
4295,1.0,1.0,1,1,1
4296,1.0,1.0,2,2,0
4297,0.0,1.0,0,1,1
4298,0.0,0.0,1,0,1
4299,0.0,1.0,2,2,1
4300,1.0,0.0,2,1,0
4301,0.0,0.0,2,2,1
4302,1.0,1.0,1,2,0
4303,1.0,0.0,1,0,0
4304,0.0,0.0,1,2,0
4305,1.0,0.0,2,1,1
4306,0.0,0.0,2,2,0
4307,1.0,0.0,1,1,1
4309,0.0,0.0,1,1,0
4311,1.0,0.0,1,1,0
4312,1.0,0.0,2,1,1
4313,1.0,1.0,2,0,1
4314,0.0,0.0,1,0,1
4315,1.0,0.0,1,1,1
4316,0.0,0.0,1,1,0
4317,1.0,0.0,2,2,0
4318,0.0,0.0,0,1,0
4319,0.0,0.0,0,0,1
4320,0.0,0.0,1,1,0
4321,0.0,0.0,2,0,1
4322,1.0,1.0,2,0,1
4323,0.0,1.0,2,0,1
4324,0.0,1.0,0,0,1
4325,0.0,0.0,1,0,1
4326,0.0,0.0,2,0,0
4327,0.0,0.0,1,2,0
4329,0.0,0.0,2,1,1
4330,1.0,0.0,1,1,0
4331,0.0,0.0,0,2,0
4332,0.0,0.0,1,1,0
4333,0.0,0.0,0,0,1
4334,0.0,0.0,1,0,1
4335,1.0,0.0,1,2,0
4336,0.0,0.0,2,0,1
4337,0.0,0.0,1,1,0
4338,1.0,1.0,0,1,1
4340,1.0,1.0,1,1,0
4343,0.0,0.0,1,0,1
4345,1.0,1.0,1,1,0
4346,0.0,0.0,1,0,0
4347,1.0,0.0,1,1,1
4348,0.0,1.0,1,2,0
4349,1.0,1.0,0,0,1
4350,1.0,1.0,1,0,1
4351,0.0,0.0,0,1,0
4352,0.0,0.0,2,1,1
4353,0.0,0.0,0,1,0
4354,1.0,0.0,1,1,1
4355,0.0,0.0,1,1,1
4356,0.0,1.0,1,0,0
4357,1.0,1.0,1,1,0
4358,0.0,1.0,0,0,0
4359,0.0,1.0,1,1,1
4360,0.0,0.0,1,2,0
4361,1.0,0.0,1,2,1
4362,0.0,0.0,0,1,0
4363,0.0,0.0,1,1,1
4364,0.0,0.0,1,2,0
4365,0.0,0.0,1,0,0
4366,0.0,0.0,0,0,1
4367,1.0,0.0,1,1,0
4368,1.0,0.0,0,0,1
4369,0.0,0.0,1,0,1
4370,0.0,0.0,1,1,1
4371,0.0,0.0,0,1,1
4372,0.0,0.0,0,1,1
4373,0.0,1.0,1,0,0
4374,0.0,0.0,1,2,1
4375,1.0,1.0,1,1,0
4376,1.0,0.0,0,0,0
4377,0.0,0.0,0,1,0
4379,0.0,1.0,1,1,0
4380,0.0,1.0,0,1,0
4381,0.0,1.0,1,0,1
4382,1.0,0.0,1,1,0
4383,1.0,0.0,1,2,0
4384,1.0,0.0,1,0,1
4385,1.0,1.0,2,1,1
4386,0.0,0.0,1,2,0
4387,1.0,0.0,1,2,1
4388,1.0,0.0,1,0,1
4389,1.0,1.0,1,0,1
4390,0.0,0.0,1,2,1
4391,0.0,0.0,0,0,1
4392,1.0,1.0,1,0,1
4393,0.0,0.0,1,2,0
4394,1.0,1.0,1,2,1
4395,0.0,0.0,0,1,1
4396,0.0,1.0,1,0,1
4397,0.0,0.0,1,2,1
4398,1.0,0.0,1,1,1
4399,1.0,1.0,1,0,1
4400,0.0,0.0,1,2,0
4401,0.0,0.0,1,1,0
4402,1.0,1.0,1,1,1
4404,0.0,1.0,1,0,1
4405,1.0,0.0,1,1,1
4406,0.0,0.0,1,1,0
4407,0.0,1.0,1,0,1
4408,1.0,1.0,1,1,1
4411,0.0,1.0,1,0,1
4412,1.0,1.0,1,0,1
4413,1.0,0.0,0,1,0
4414,0.0,0.0,0,0,1
4416,0.0,1.0,0,1,0
4417,0.0,0.0,2,0,0
4418,0.0,0.0,1,1,0
4419,0.0,1.0,0,1,1
4420,0.0,1.0,1,1,0
4421,0.0,0.0,0,2,0
4423,1.0,1.0,0,0,1
4424,1.0,0.0,1,1,0
4426,0.0,1.0,0,0,0
4427,1.0,0.0,1,0,0
4428,1.0,1.0,1,0,0
4429,0.0,0.0,1,2,0
4430,0.0,0.0,1,1,1
4431,1.0,1.0,0,0,0
4432,1.0,1.0,1,0,1
4434,0.0,0.0,1,2,0
4435,1.0,0.0,1,0,1
4436,0.0,0.0,2,2,1
4437,1.0,1.0,1,0,1
4439,0.0,0.0,1,2,0
4440,1.0,0.0,2,0,1
4441,0.0,1.0,0,1,1
4442,0.0,0.0,1,1,1
4443,1.0,1.0,2,1,1
4445,0.0,1.0,2,2,0
4448,0.0,0.0,2,2,1
4449,0.0,0.0,2,1,1
4450,1.0,1.0,1,1,1
4451,1.0,0.0,1,2,0
4452,0.0,0.0,0,0,0
4453,1.0,0.0,0,1,1
4454,0.0,0.0,0,0,1
4455,1.0,0.0,1,1,1
4456,1.0,1.0,1,1,1
4457,0.0,0.0,2,2,0
4458,1.0,0.0,1,1,0
4459,0.0,0.0,0,0,0
4460,0.0,0.0,1,2,0
4462,0.0,0.0,1,0,1
4463,0.0,0.0,0,1,0
4464,0.0,0.0,0,1,0
4465,1.0,0.0,0,1,1
4467,0.0,0.0,0,1,1
4468,0.0,1.0,1,0,1
4469,1.0,1.0,2,0,0
4471,0.0,0.0,1,1,1
4473,0.0,0.0,2,2,0
4474,0.0,0.0,1,0,0
4475,1.0,0.0,1,1,1
4476,0.0,1.0,2,0,0
4477,1.0,0.0,0,1,0
4478,1.0,1.0,1,2,0
4480,1.0,0.0,0,0,0
4481,1.0,1.0,2,1,0
4482,1.0,0.0,1,1,0
4483,0.0,0.0,1,2,0
4484,0.0,1.0,0,0,0
4485,0.0,0.0,1,2,1
4486,1.0,0.0,1,0,0
4487,1.0,0.0,1,2,0
4489,1.0,0.0,1,1,0
4490,0.0,1.0,1,0,1
4491,1.0,1.0,2,1,1
4492,1.0,0.0,0,0,0
4494,0.0,0.0,1,2,0
4495,0.0,0.0,1,0,1
4496,0.0,1.0,1,2,0
4497,0.0,1.0,0,1,1
4498,1.0,0.0,1,2,1
4499,0.0,0.0,2,1,1
4500,1.0,0.0,0,0,1
4501,0.0,0.0,1,1,1
4502,1.0,0.0,2,1,0
4504,0.0,0.0,1,2,0
4505,1.0,1.0,2,1,1
4506,1.0,0.0,1,0,1
4508,0.0,0.0,2,2,0
4509,0.0,1.0,1,0,1
4510,1.0,1.0,1,1,0
4511,0.0,0.0,0,1,0
4512,0.0,0.0,1,0,1
4513,0.0,1.0,1,1,1
4515,0.0,0.0,2,2,1
4516,1.0,1.0,1,0,1
4517,0.0,0.0,1,1,0
4518,0.0,0.0,0,0,1
4519,0.0,0.0,0,1,1
4521,0.0,0.0,1,2,0
4522,0.0,0.0,1,2,0
4524,0.0,0.0,2,1,1
4525,0.0,0.0,1,2,0
4526,0.0,0.0,0,1,1
4527,0.0,0.0,1,0,0
4528,0.0,1.0,1,2,1
4529,0.0,0.0,1,1,1
4530,0.0,0.0,1,0,1
4531,0.0,0.0,0,1,0
4532,1.0,0.0,1,1,0
4533,0.0,1.0,1,1,0
4534,1.0,0.0,1,0,1
4535,0.0,1.0,1,0,1
4536,1.0,0.0,0,1,0
4537,0.0,0.0,1,0,1
4538,1.0,0.0,0,1,0
4539,0.0,0.0,0,1,0
4540,1.0,0.0,1,0,1
4541,1.0,0.0,2,1,1
4542,0.0,0.0,2,1,0
4543,0.0,0.0,0,2,0
4544,1.0,1.0,1,0,1
4545,0.0,0.0,0,1,0
4546,0.0,0.0,1,2,0
4547,0.0,0.0,1,0,1
4548,1.0,1.0,1,1,0
4549,1.0,0.0,2,1,1
4550,0.0,0.0,0,0,1
4551,0.0,0.0,0,1,0
4552,0.0,0.0,1,1,0
4554,0.0,0.0,1,0,1
4555,0.0,1.0,1,0,0
4556,1.0,0.0,2,1,1
4558,1.0,1.0,0,0,1
4559,0.0,0.0,1,2,0
4560,0.0,0.0,1,2,0
4561,0.0,0.0,0,2,0
4562,1.0,1.0,1,0,1
4564,1.0,1.0,1,1,1
4565,0.0,0.0,1,2,0
4566,1.0,0.0,1,0,0
4568,0.0,1.0,2,2,1
4571,1.0,0.0,1,0,0
4572,0.0,1.0,2,1,1
4573,0.0,0.0,1,1,0
4574,0.0,1.0,0,0,0
4575,0.0,1.0,1,1,0
4577,0.0,0.0,0,0,1
4578,0.0,1.0,2,2,0
4579,1.0,0.0,0,1,1
4580,0.0,0.0,1,1,1
4581,1.0,0.0,1,1,0
4582,0.0,0.0,1,2,1
4583,0.0,1.0,2,2,0
4584,0.0,0.0,0,1,0
4585,0.0,0.0,2,2,0
4586,0.0,1.0,2,2,1
4587,0.0,0.0,1,0,1
4588,1.0,0.0,0,0,1
4589,1.0,0.0,1,0,0
4590,0.0,1.0,1,0,0
4591,1.0,0.0,1,1,1
4592,1.0,0.0,1,1,1
4593,0.0,1.0,1,0,0
4594,0.0,0.0,1,2,1
4595,0.0,1.0,2,0,0
4596,1.0,0.0,1,2,0
4597,0.0,1.0,1,2,0
4599,1.0,1.0,2,1,1
4600,0.0,0.0,0,1,0
4601,1.0,0.0,1,1,0
4603,0.0,0.0,1,2,0
4604,1.0,0.0,1,1,0
4605,1.0,0.0,0,0,1
4606,0.0,0.0,0,0,0
4607,0.0,0.0,1,2,0
4608,0.0,0.0,1,0,1
4609,0.0,0.0,1,1,1
4610,1.0,0.0,1,2,0
4612,0.0,1.0,1,0,0
4614,0.0,0.0,2,1,1
4615,1.0,0.0,2,1,1
4616,0.0,0.0,1,0,1
4617,1.0,1.0,2,0,1
4618,1.0,0.0,1,1,1
4619,0.0,1.0,0,1,1
4620,0.0,0.0,1,2,1
4621,1.0,1.0,0,0,0
4622,0.0,1.0,2,2,0
4623,0.0,1.0,1,2,0
4624,1.0,0.0,0,1,0
4625,1.0,0.0,1,1,1
4626,0.0,0.0,0,1,1
4627,0.0,1.0,1,2,0
4628,1.0,1.0,0,2,0
4629,1.0,1.0,1,0,0
4630,0.0,0.0,1,2,0
4631,0.0,0.0,2,2,0
4632,1.0,0.0,1,1,1
4633,1.0,1.0,2,0,1
4635,1.0,0.0,0,0,1
4636,0.0,1.0,2,2,0
4638,1.0,0.0,1,1,1
4639,0.0,0.0,0,1,1
4641,0.0,0.0,1,2,1
4642,0.0,0.0,0,1,0
4643,0.0,0.0,1,1,1
4644,0.0,1.0,1,2,0
4645,1.0,0.0,0,0,1
4647,1.0,1.0,2,2,0
4648,0.0,0.0,1,2,0
4649,0.0,0.0,1,2,0
4650,0.0,1.0,1,2,0
4651,1.0,0.0,2,0,1
4652,1.0,0.0,1,1,1
4653,1.0,1.0,2,1,0
4654,0.0,1.0,2,2,0
4655,0.0,0.0,0,0,0
4656,0.0,0.0,1,2,0
4657,1.0,0.0,2,0,0
4658,0.0,1.0,0,1,1
4659,1.0,0.0,2,1,0
4661,0.0,1.0,1,0,0
4662,1.0,1.0,1,2,0
4663,0.0,0.0,1,2,0
4664,1.0,1.0,2,0,1
4666,1.0,0.0,1,2,0
4667,0.0,0.0,1,2,0
4668,1.0,0.0,2,1,1
4669,0.0,0.0,1,1,0
4670,0.0,0.0,1,0,1
4671,0.0,1.0,1,0,0
4672,1.0,0.0,1,1,1
4674,0.0,0.0,2,1,1
4675,0.0,1.0,1,1,1
4676,0.0,0.0,1,1,0
4678,1.0,0.0,0,1,0
4679,0.0,1.0,0,0,0
4680,0.0,0.0,1,2,0
4681,0.0,1.0,0,0,1
4682,1.0,1.0,2,1,1
4683,0.0,0.0,2,2,1
4685,1.0,0.0,1,1,0
4687,0.0,0.0,0,2,0
4688,0.0,0.0,2,1,0
4689,0.0,1.0,1,2,0
4690,1.0,0.0,2,1,1
4691,0.0,0.0,1,1,1
4692,0.0,1.0,1,1,1
4693,1.0,0.0,0,0,0
4694,1.0,0.0,1,1,1
4696,0.0,0.0,0,1,0
4697,1.0,0.0,1,1,1
4699,0.0,0.0,1,2,0
4701,0.0,0.0,1,2,1
4702,0.0,0.0,1,1,0
4704,1.0,0.0,1,1,1
4705,0.0,1.0,1,2,0
4706,0.0,1.0,1,1,1
4707,1.0,1.0,0,0,0
4710,0.0,1.0,1,1,0
4711,0.0,0.0,2,2,0
4712,1.0,0.0,1,0,1
4713,0.0,0.0,0,1,0
4714,0.0,0.0,1,1,1
4715,0.0,0.0,0,1,1
4716,0.0,0.0,1,1,1
4717,0.0,0.0,2,0,1
4718,1.0,1.0,1,1,1
4719,1.0,0.0,1,0,0
4721,0.0,0.0,1,1,1
4722,0.0,1.0,1,2,0
4723,0.0,1.0,1,2,0
4724,0.0,0.0,1,2,0
4725,1.0,0.0,1,2,1
4726,0.0,1.0,1,0,1
4727,0.0,0.0,1,1,1
4728,1.0,0.0,1,2,0
4729,0.0,0.0,2,1,1
4730,0.0,0.0,0,1,0
4731,0.0,0.0,1,2,0
4732,1.0,0.0,1,2,0
4733,1.0,0.0,2,1,1
4734,1.0,0.0,1,2,0
4735,0.0,1.0,1,1,1
4736,0.0,0.0,1,2,0
4738,1.0,0.0,0,1,1
4740,1.0,1.0,1,1,1
4741,1.0,1.0,2,0,1
4743,0.0,1.0,1,2,1
4744,0.0,0.0,0,1,0
4745,0.0,1.0,0,0,1
4746,0.0,1.0,1,1,0
4747,0.0,1.0,1,2,0
4748,1.0,0.0,0,1,1
4749,0.0,0.0,0,1,0
4750,0.0,0.0,1,1,1
4751,0.0,0.0,2,2,1
4752,0.0,0.0,1,1,0
4753,0.0,1.0,1,2,0
4754,1.0,0.0,0,0,0
4755,0.0,1.0,1,2,0
4756,1.0,0.0,0,1,0
4757,0.0,0.0,1,2,0
4758,1.0,1.0,1,2,1
4760,1.0,0.0,2,1,1
4761,1.0,1.0,1,2,0
4762,0.0,1.0,2,2,1
4763,1.0,0.0,0,0,1
4764,0.0,0.0,1,2,1
4765,1.0,1.0,2,0,1
4766,1.0,1.0,2,0,1
4767,0.0,0.0,2,2,1
4768,1.0,1.0,1,0,1
4769,1.0,1.0,2,2,1
4770,0.0,0.0,0,2,0
4771,0.0,1.0,1,1,0
4772,0.0,1.0,1,2,0
4773,1.0,1.0,1,0,1
4774,0.0,1.0,1,1,1
4775,1.0,0.0,1,1,1
4776,0.0,0.0,0,1,0
4777,1.0,0.0,1,1,1
4778,0.0,0.0,1,1,0
4779,0.0,0.0,1,2,0
4780,0.0,0.0,1,1,1
4781,0.0,0.0,1,2,1
4782,0.0,1.0,1,2,1
4785,0.0,0.0,1,1,1
4786,0.0,0.0,1,2,0
4787,1.0,0.0,0,1,1
4788,0.0,0.0,1,1,0
4789,0.0,0.0,1,2,0
4790,1.0,0.0,1,0,1
4792,1.0,0.0,2,1,0
4793,1.0,0.0,1,2,0
4795,1.0,0.0,1,2,0
4796,0.0,1.0,0,1,0
4798,0.0,0.0,1,1,1
4799,0.0,0.0,1,1,1
4800,1.0,1.0,1,1,0
4801,1.0,0.0,0,1,0
4802,0.0,0.0,1,0,1
4804,0.0,0.0,1,2,0
4805,1.0,0.0,1,0,1
4806,0.0,0.0,0,1,0
4807,0.0,1.0,1,0,0
4808,0.0,0.0,1,2,0
4809,0.0,0.0,1,1,0
4810,1.0,0.0,1,0,0
4812,0.0,0.0,1,2,0
4813,0.0,0.0,0,1,0
4815,0.0,0.0,0,2,0
4816,0.0,1.0,1,1,0
4817,1.0,0.0,1,0,0
4818,0.0,1.0,1,0,0
4819,1.0,0.0,1,0,0
4820,1.0,0.0,1,0,1
4821,0.0,0.0,1,1,0
4822,0.0,0.0,0,1,0
4823,0.0,0.0,1,0,1
4824,0.0,1.0,1,0,1
4826,1.0,1.0,2,2,1
4827,1.0,1.0,1,1,1
4830,1.0,0.0,0,1,1
4831,1.0,0.0,0,1,1
4833,0.0,1.0,0,2,0
4834,1.0,0.0,1,1,1
4835,0.0,1.0,1,1,1
4836,0.0,0.0,1,2,0
4837,0.0,1.0,2,2,0
4838,0.0,0.0,1,2,0
4839,0.0,1.0,0,1,0
4840,0.0,1.0,1,1,0
4841,0.0,0.0,1,0,1
4842,0.0,0.0,1,2,0
4843,1.0,0.0,0,1,0
4844,0.0,0.0,0,1,1
4845,1.0,0.0,2,1,0
4846,0.0,0.0,0,1,0
4847,1.0,0.0,1,2,1
4849,0.0,0.0,0,0,0
4850,0.0,0.0,2,1,1
4851,0.0,1.0,0,0,0
4852,1.0,0.0,1,1,1
4853,0.0,0.0,1,2,0
4856,0.0,1.0,1,1,1
4857,1.0,1.0,1,2,0
4858,0.0,0.0,1,2,0
4859,1.0,1.0,0,2,0
4860,0.0,0.0,0,1,0
4861,0.0,0.0,1,1,0
4862,1.0,0.0,2,1,1
4863,0.0,1.0,1,2,0
4864,1.0,0.0,1,0,0
4865,0.0,0.0,0,1,0
4867,1.0,0.0,2,0,1
4868,0.0,0.0,0,1,1
4869,1.0,0.0,1,0,0
4870,1.0,1.0,1,0,1
4871,0.0,0.0,0,1,1
4872,0.0,0.0,2,0,0
4873,0.0,0.0,1,0,1
4874,0.0,0.0,0,0,1
4875,0.0,0.0,1,2,1
4876,0.0,1.0,1,2,0
4877,1.0,1.0,0,0,0
4878,1.0,0.0,1,1,1
4879,0.0,0.0,0,1,1
4880,0.0,0.0,1,0,1
4881,1.0,0.0,1,2,0
4882,0.0,0.0,1,1,0
4883,0.0,0.0,1,2,1
4886,0.0,1.0,1,1,1
4887,0.0,0.0,0,1,0
4889,1.0,0.0,2,0,1
4890,0.0,1.0,0,0,0
4891,0.0,0.0,1,0,1
4892,0.0,0.0,1,2,0
4893,0.0,1.0,1,2,0
4894,1.0,1.0,2,1,1
4895,0.0,1.0,1,1,0
4896,0.0,0.0,0,0,1
4897,0.0,0.0,1,2,0
4898,0.0,0.0,1,2,0
4900,1.0,1.0,2,1,0
4901,0.0,0.0,0,1,0
4902,1.0,0.0,0,0,1
4903,1.0,1.0,1,0,1
4905,1.0,0.0,1,1,0
4906,0.0,0.0,1,2,0
4907,1.0,1.0,2,0,1
4908,1.0,1.0,2,1,1
4909,0.0,1.0,2,2,1
4910,0.0,0.0,0,1,1
4911,0.0,0.0,1,2,0
4912,1.0,0.0,0,0,1
4913,1.0,0.0,1,1,1
4914,1.0,0.0,0,0,0
4915,0.0,1.0,1,1,0
4916,0.0,0.0,1,2,0
4918,1.0,0.0,1,1,1
4919,0.0,0.0,0,0,0
4920,0.0,1.0,1,1,1
4921,0.0,0.0,0,0,0
4922,1.0,1.0,2,2,0
4923,1.0,0.0,0,0,1
4924,0.0,0.0,0,0,0
4925,1.0,1.0,1,1,0
4926,0.0,0.0,1,1,1
4927,1.0,0.0,1,2,0
4928,0.0,0.0,1,1,1
4930,0.0,0.0,1,0,1
4931,0.0,0.0,0,0,0
4932,0.0,0.0,0,1,0
4933,1.0,0.0,1,1,1
4934,0.0,0.0,0,1,0
4935,0.0,1.0,1,0,0
4936,0.0,1.0,1,0,1
4937,0.0,0.0,1,1,1
4938,1.0,1.0,0,0,1
4939,0.0,0.0,1,2,0
4940,0.0,0.0,1,1,0
4942,1.0,0.0,1,1,1
4943,1.0,1.0,0,0,0
4944,0.0,1.0,1,2,1
4945,0.0,0.0,1,1,0
4946,1.0,0.0,1,1,0
4947,0.0,0.0,1,1,0
4948,1.0,0.0,1,1,1
4950,0.0,0.0,2,1,1
4951,0.0,0.0,1,2,0
4952,1.0,1.0,2,2,1
4953,0.0,0.0,2,2,0
4955,1.0,0.0,0,1,1
4956,1.0,1.0,0,1,0
4957,1.0,0.0,2,0,1
4958,0.0,0.0,1,0,1
4959,0.0,1.0,0,0,0
4962,1.0,1.0,2,0,1
4963,1.0,1.0,0,0,1
4964,1.0,0.0,1,2,1
4965,1.0,0.0,1,1,0
4966,1.0,0.0,1,2,1
4967,0.0,0.0,1,1,1
4968,1.0,1.0,1,1,1
4969,1.0,0.0,1,1,1
4970,0.0,1.0,1,1,1
4971,0.0,1.0,0,1,0
4972,0.0,0.0,1,0,1
4973,0.0,0.0,1,0,1
4974,1.0,1.0,2,2,0
4975,0.0,0.0,1,2,0
4976,1.0,1.0,2,1,1
4977,0.0,0.0,1,1,0
4979,0.0,1.0,1,1,1
4980,1.0,0.0,2,1,0
4981,0.0,1.0,1,0,0
4984,0.0,1.0,1,2,0
4986,0.0,0.0,1,1,0
4987,0.0,0.0,0,2,0
4990,0.0,0.0,1,2,1
4992,0.0,0.0,1,2,0
4994,1.0,1.0,2,0,1
4995,0.0,1.0,2,1,0
4996,1.0,1.0,1,2,0
4997,0.0,0.0,0,1,1
4998,1.0,0.0,2,2,0
4999,1.0,1.0,2,1,0
5001,0.0,0.0,1,0,1
5003,0.0,0.0,2,1,1
5004,0.0,0.0,0,1,0
5005,1.0,0.0,1,2,0
5007,1.0,0.0,0,0,0
5008,0.0,0.0,1,0,1
5009,1.0,1.0,2,0,1
5010,0.0,1.0,1,0,1
5013,0.0,0.0,1,0,1
5014,1.0,0.0,1,1,0
5015,0.0,0.0,2,2,0
5016,0.0,0.0,0,2,1
5017,0.0,0.0,2,0,0
5018,0.0,0.0,2,1,1
5019,0.0,1.0,0,0,1
5020,0.0,0.0,2,1,0
5021,1.0,0.0,1,1,0
5023,0.0,0.0,1,2,0
5024,0.0,0.0,0,2,0
5025,0.0,0.0,1,1,1
5029,1.0,0.0,1,1,1
5030,0.0,0.0,0,0,1
5031,1.0,0.0,2,2,0
5032,1.0,0.0,2,0,1
5033,1.0,1.0,1,1,1
5035,0.0,1.0,1,0,1
5036,0.0,0.0,1,2,0
5038,0.0,0.0,2,1,1
5039,0.0,1.0,0,0,0
5040,1.0,0.0,0,0,0
5041,1.0,1.0,1,1,0
5042,1.0,1.0,1,0,1
5043,0.0,0.0,1,2,0
5044,1.0,1.0,2,1,0
5045,1.0,0.0,2,1,1
5047,0.0,0.0,1,1,1
5048,0.0,0.0,0,1,0
5051,0.0,0.0,1,0,1
5052,0.0,0.0,1,2,0
5053,1.0,0.0,2,2,0
5054,1.0,1.0,2,1,1
5055,0.0,0.0,0,1,0
5056,0.0,1.0,2,0,1
5057,0.0,1.0,1,0,1
5058,0.0,0.0,1,2,0
5059,0.0,0.0,0,0,0
5060,0.0,0.0,1,2,0
5061,0.0,0.0,1,1,0
5062,0.0,0.0,1,0,1
5063,1.0,0.0,2,1,1
5066,1.0,0.0,0,1,0
5067,0.0,0.0,0,0,1
5068,0.0,1.0,0,0,1
5069,0.0,0.0,1,2,0
5070,0.0,0.0,1,2,0
5071,0.0,1.0,2,0,0
5072,0.0,0.0,0,0,0
5073,0.0,0.0,0,1,0
5075,0.0,1.0,2,0,1
5076,1.0,1.0,2,1,1
5077,0.0,0.0,1,2,0
5079,1.0,1.0,1,1,0
5080,0.0,1.0,2,2,0
5081,0.0,1.0,1,1,0
5082,0.0,0.0,1,0,0
5083,1.0,1.0,2,1,1
5084,0.0,0.0,1,1,0
5085,1.0,0.0,0,0,1
5086,1.0,0.0,1,1,1
5087,0.0,1.0,1,2,1
5088,0.0,0.0,0,0,0
5090,1.0,1.0,2,2,0
5091,1.0,0.0,1,1,1
5093,1.0,0.0,1,2,0
5094,0.0,1.0,2,1,1
5095,1.0,1.0,1,1,0
5099,0.0,0.0,0,0,0
5100,0.0,0.0,0,1,0
5101,1.0,1.0,1,1,0
5102,0.0,0.0,2,2,1
5104,1.0,0.0,1,2,0
5105,1.0,1.0,2,1,1
5106,0.0,0.0,1,2,1
5107,0.0,0.0,0,1,0
5108,1.0,1.0,1,2,0
5109,0.0,0.0,1,1,1
5110,0.0,1.0,1,1,0
5111,0.0,0.0,0,1,0
5112,0.0,0.0,1,2,0
5113,0.0,0.0,1,1,1
5114,0.0,0.0,1,2,0
5115,0.0,0.0,1,2,0
5116,0.0,1.0,0,1,0
5117,0.0,0.0,1,2,1
5119,1.0,1.0,0,1,1
5120,0.0,0.0,1,1,0
5121,1.0,1.0,2,2,0
5122,0.0,1.0,1,2,0
5123,0.0,0.0,2,1,1
5125,0.0,0.0,1,1,0
5126,1.0,1.0,1,1,0
5127,1.0,0.0,1,2,0
5128,0.0,0.0,1,1,0
5129,1.0,0.0,2,0,0
5130,1.0,1.0,1,1,1
5131,0.0,1.0,1,2,0
5132,0.0,0.0,1,2,1
5133,1.0,1.0,1,2,0
5135,1.0,0.0,1,1,1
5136,0.0,1.0,0,1,0
5137,0.0,1.0,1,2,0
5138,1.0,0.0,1,1,1
5139,1.0,0.0,2,0,0
5140,0.0,0.0,0,1,0
5141,0.0,0.0,1,1,0
5142,0.0,1.0,1,2,0
5143,0.0,0.0,1,1,1
5144,0.0,1.0,1,2,0
5145,1.0,0.0,2,1,1
5146,0.0,1.0,0,0,0
5147,1.0,0.0,0,1,1
5148,0.0,0.0,2,2,1
5149,1.0,1.0,1,0,1
5151,1.0,1.0,1,0,1
5152,1.0,0.0,0,0,1
5155,1.0,1.0,1,1,0
5156,0.0,1.0,1,1,0
5157,1.0,0.0,0,0,0
5160,0.0,0.0,1,1,1
5161,0.0,0.0,2,2,0
5162,0.0,0.0,1,1,1
5163,0.0,0.0,1,0,1
5164,0.0,0.0,0,1,0
5166,0.0,0.0,0,1,0
5167,1.0,0.0,1,1,0
5168,0.0,0.0,1,2,0
5169,0.0,1.0,1,0,1
5170,1.0,0.0,2,1,0
5171,1.0,0.0,1,2,0
5172,1.0,0.0,1,0,0
5173,0.0,1.0,1,2,1
5174,0.0,1.0,2,2,0
5175,0.0,0.0,0,0,1
5176,1.0,1.0,1,0,1
5177,0.0,0.0,0,0,0
5178,1.0,1.0,0,0,0
5179,0.0,0.0,1,1,1
5180,0.0,0.0,2,2,0
5181,1.0,1.0,1,2,0
5182,1.0,1.0,2,0,1
5183,0.0,1.0,2,0,1
5184,0.0,1.0,1,0,1
5186,0.0,0.0,1,1,0
5187,0.0,0.0,0,2,0
5188,0.0,0.0,2,2,1
5189,0.0,1.0,1,2,1
5190,1.0,0.0,0,0,0
5191,0.0,1.0,1,2,1
5192,1.0,1.0,2,0,1
5193,0.0,0.0,1,0,1
5194,0.0,0.0,1,0,1
5195,0.0,0.0,2,2,1
5196,0.0,0.0,1,2,0
5197,0.0,0.0,0,0,1
5198,0.0,0.0,1,2,1
5199,1.0,0.0,2,2,0
5200,1.0,0.0,1,0,1
5201,0.0,0.0,1,1,1
5202,1.0,1.0,0,2,0
5203,0.0,1.0,1,2,1
5204,0.0,1.0,1,1,1
5206,1.0,1.0,1,2,0
5207,0.0,0.0,1,2,0
5209,1.0,1.0,1,1,1
5210,1.0,0.0,1,1,1
5211,1.0,0.0,0,0,1
5212,0.0,0.0,1,0,1
5213,1.0,1.0,1,0,1
5214,0.0,0.0,1,1,1
5216,0.0,0.0,0,1,0
5217,1.0,1.0,2,2,1
5218,1.0,1.0,2,1,0
5219,0.0,0.0,1,0,1
5221,0.0,1.0,1,0,1
5222,0.0,0.0,1,2,0
5223,0.0,0.0,1,2,0
5225,1.0,0.0,1,1,0
5226,1.0,0.0,1,0,1
5227,0.0,1.0,1,0,1
5228,0.0,1.0,1,0,0
5229,1.0,0.0,0,2,0
5230,1.0,0.0,1,2,0
5231,0.0,1.0,0,0,1
5232,1.0,0.0,2,2,0
5233,1.0,0.0,1,2,1
5234,0.0,1.0,0,1,1
5235,0.0,0.0,1,0,1
5236,0.0,0.0,0,0,0
5237,1.0,0.0,1,2,0
5238,0.0,0.0,1,2,0
5239,0.0,0.0,0,1,0
5240,0.0,1.0,1,2,1
5241,1.0,0.0,2,2,0
5242,1.0,0.0,1,1,0
5244,0.0,0.0,2,2,0
5245,0.0,0.0,1,1,0
5246,0.0,1.0,2,1,1
5247,1.0,0.0,1,0,1
5248,1.0,0.0,1,2,0
5249,0.0,0.0,1,1,1
5250,0.0,1.0,1,1,1
5251,0.0,0.0,1,2,0
5252,1.0,1.0,0,0,1
5253,0.0,1.0,2,2,0
5254,0.0,0.0,1,2,0
5255,1.0,0.0,1,2,0
5256,1.0,0.0,2,0,1
5257,1.0,0.0,2,2,1
5258,0.0,0.0,0,1,0
5259,0.0,1.0,1,2,0
5260,0.0,1.0,1,1,0
5261,0.0,0.0,1,1,0
5262,1.0,1.0,2,0,0
5263,1.0,0.0,0,0,0
5264,0.0,1.0,0,1,0
5265,0.0,1.0,1,2,0
5266,1.0,1.0,1,0,1
5267,0.0,1.0,1,2,0
5269,0.0,0.0,2,0,1
5270,1.0,1.0,1,1,1
5271,0.0,0.0,1,0,1
5274,1.0,0.0,0,2,0
5275,0.0,0.0,1,2,0
5276,0.0,0.0,0,1,1
5277,1.0,0.0,1,1,1
5278,1.0,1.0,1,0,1
5279,1.0,0.0,1,1,1
5280,0.0,1.0,0,1,0
5281,0.0,0.0,0,1,0
5282,0.0,0.0,2,2,1
5283,0.0,1.0,1,1,1
5284,1.0,1.0,2,2,0
5285,1.0,0.0,2,0,1
5286,1.0,0.0,1,2,1
5287,0.0,0.0,2,2,0
5288,1.0,0.0,2,1,1
5289,0.0,1.0,1,2,0
5290,1.0,0.0,0,1,0
5291,1.0,0.0,1,2,1
5292,1.0,1.0,2,2,1
5293,0.0,0.0,0,1,0
5294,0.0,0.0,1,1,1
5295,0.0,0.0,1,1,1
5296,1.0,1.0,2,0,1
5297,1.0,0.0,1,1,0
5298,0.0,0.0,2,2,0
5299,1.0,0.0,1,2,1
5300,0.0,0.0,0,0,0
5301,1.0,1.0,2,0,0
5302,1.0,0.0,1,1,0
5303,0.0,0.0,1,0,0
5304,0.0,1.0,1,1,1
5305,1.0,1.0,2,0,1
5306,1.0,0.0,1,2,0
5307,0.0,0.0,1,2,0
5308,0.0,1.0,0,0,1
5309,1.0,1.0,1,0,1
5310,0.0,1.0,1,2,0
5311,0.0,0.0,1,2,1
5312,0.0,0.0,0,1,0
5313,0.0,0.0,2,1,0
5314,1.0,1.0,2,1,1
5315,1.0,1.0,0,0,1
5316,0.0,0.0,1,2,0
5317,0.0,1.0,2,1,1
5318,0.0,0.0,0,1,0
5319,0.0,1.0,0,2,0
5321,1.0,0.0,0,1,1
5322,1.0,0.0,1,0,0
5323,0.0,1.0,1,2,1
5324,0.0,0.0,1,1,0
5325,0.0,1.0,1,2,1
5326,0.0,0.0,1,1,1
5327,1.0,0.0,1,2,0
5328,1.0,0.0,0,0,1
5329,0.0,0.0,1,2,0
5330,0.0,0.0,1,2,0
5331,0.0,0.0,2,1,1
5332,0.0,0.0,0,1,1
5333,0.0,0.0,1,1,0
5334,1.0,1.0,1,0,0
5336,1.0,0.0,2,1,0
5337,0.0,0.0,1,1,1
5338,0.0,0.0,2,1,1
5339,0.0,0.0,1,2,0
5340,1.0,0.0,0,0,1
5341,0.0,0.0,0,1,0
5343,0.0,1.0,0,1,0
5344,0.0,0.0,1,1,1
5345,0.0,0.0,1,2,0
5346,1.0,1.0,2,0,1
5347,1.0,1.0,1,1,1
5348,0.0,1.0,1,1,1
5350,1.0,1.0,2,0,1
5351,0.0,1.0,0,1,1
5352,1.0,1.0,1,0,1
5353,1.0,0.0,1,0,1
5354,1.0,0.0,0,1,1
5355,0.0,0.0,0,0,1
5357,0.0,1.0,0,0,0
5358,0.0,1.0,1,2,1
5359,0.0,1.0,0,0,0
5360,0.0,1.0,1,0,1
5361,1.0,1.0,1,0,0
5362,0.0,0.0,1,0,0
5363,1.0,1.0,1,1,0
5364,0.0,0.0,1,1,0
5365,1.0,1.0,0,0,0
5366,0.0,0.0,0,1,1
5367,1.0,0.0,2,1,0
5368,1.0,0.0,1,2,0
5369,0.0,1.0,2,2,0
5370,0.0,1.0,0,0,0
5371,1.0,1.0,1,1,1
5372,1.0,0.0,2,0,1
5374,0.0,0.0,0,0,1
5375,0.0,0.0,0,0,0
5376,0.0,1.0,1,2,1
5377,1.0,0.0,2,2,0
5378,1.0,0.0,2,1,0
5379,1.0,1.0,1,1,0
5380,0.0,0.0,1,1,0
5381,0.0,0.0,2,2,1
5382,1.0,0.0,1,0,0
5383,1.0,1.0,1,1,0
5385,0.0,0.0,1,1,1
5386,1.0,0.0,1,1,1
5387,1.0,0.0,1,0,1
5388,0.0,0.0,0,1,0
5390,0.0,1.0,1,1,1
5392,1.0,1.0,0,0,1
5393,0.0,1.0,1,1,0
5395,1.0,0.0,0,0,0
5396,1.0,0.0,1,2,1
5398,1.0,1.0,2,0,1
5399,1.0,0.0,1,1,0
5400,1.0,1.0,2,1,1
5401,0.0,0.0,1,2,1
5402,0.0,0.0,1,2,0
5403,0.0,0.0,0,2,0
5406,0.0,0.0,1,2,1
5407,0.0,1.0,1,1,1
5409,1.0,1.0,1,0,1
5410,0.0,0.0,0,1,1
5411,1.0,1.0,1,2,0
5412,1.0,0.0,1,2,0
5413,0.0,0.0,0,2,0
5415,0.0,1.0,1,0,1
5417,0.0,0.0,1,2,0
5418,0.0,1.0,1,2,0
5419,0.0,0.0,1,2,0
5420,0.0,0.0,2,0,1
5422,0.0,0.0,0,1,1
5423,1.0,1.0,2,0,0
5424,0.0,0.0,2,2,1
5425,0.0,0.0,1,1,0
5426,0.0,0.0,1,0,1
5427,0.0,0.0,1,1,0
5428,0.0,0.0,2,1,0
5429,1.0,0.0,1,2,1
5430,0.0,0.0,1,2,0
5432,0.0,0.0,2,1,0
5434,0.0,1.0,1,2,1
5435,1.0,0.0,1,1,1
5437,1.0,0.0,1,1,0
5438,0.0,0.0,1,2,0
5439,0.0,1.0,1,2,0
5440,1.0,1.0,0,1,0
5441,0.0,0.0,1,2,0
5442,1.0,0.0,1,1,1
5443,0.0,0.0,0,2,0
5444,0.0,1.0,2,2,1
5445,0.0,0.0,1,2,0
5446,1.0,1.0,2,0,1
5447,1.0,1.0,1,1,1
5448,1.0,0.0,1,0,1
5449,0.0,0.0,1,1,1
5451,0.0,0.0,0,1,1
5452,1.0,0.0,1,2,1
5453,0.0,1.0,1,2,0
5454,0.0,0.0,2,2,1
5455,0.0,0.0,1,2,0
5456,0.0,1.0,1,2,1
5457,1.0,0.0,0,1,1
5458,0.0,0.0,1,0,1
5460,0.0,0.0,1,2,0
5461,0.0,1.0,0,1,0
5464,0.0,0.0,2,2,1
5467,0.0,0.0,2,2,0
5468,0.0,0.0,1,2,0
5469,0.0,0.0,0,1,0
5470,1.0,0.0,1,2,0
5471,1.0,1.0,1,2,0
5472,1.0,0.0,2,0,1
5473,1.0,1.0,2,1,1
5475,0.0,1.0,1,2,0
5476,1.0,0.0,2,1,1
5477,1.0,1.0,2,1,1
5478,0.0,0.0,1,1,1
5479,0.0,0.0,0,0,0
5480,0.0,1.0,1,1,0
5481,1.0,0.0,1,2,0
5482,0.0,0.0,1,1,1
5483,1.0,1.0,1,1,0
5484,0.0,0.0,0,0,0
5485,0.0,0.0,0,0,1
5486,1.0,0.0,2,0,0
5487,0.0,0.0,1,2,0
5488,0.0,0.0,1,2,1
5489,1.0,0.0,1,2,0
5491,0.0,1.0,0,0,1
5492,0.0,0.0,1,2,0
5493,1.0,1.0,2,2,1
5494,1.0,1.0,2,1,1
5495,0.0,0.0,2,2,0
5496,1.0,0.0,2,2,0
5498,1.0,0.0,1,1,0
5499,0.0,1.0,1,1,1
5501,0.0,0.0,1,1,1
5503,0.0,0.0,0,0,1
5504,1.0,0.0,1,2,1
5505,1.0,0.0,1,0,1
5507,0.0,0.0,0,0,0
5508,0.0,0.0,1,2,0
5509,0.0,0.0,1,2,0
5511,1.0,0.0,1,2,0
5512,0.0,0.0,0,0,0
5513,1.0,0.0,2,1,1
5514,0.0,0.0,1,1,1
5515,1.0,0.0,1,2,0
5516,1.0,0.0,1,0,0
5517,1.0,1.0,1,0,1
5519,0.0,0.0,1,2,0
5520,0.0,0.0,1,2,1
5521,0.0,0.0,1,1,0
5522,1.0,0.0,1,2,1
5523,0.0,0.0,0,0,1
5524,1.0,0.0,1,0,1
5525,0.0,0.0,1,0,1
5526,0.0,1.0,0,0,1
5527,1.0,0.0,1,1,0
5528,0.0,0.0,1,0,1
5529,1.0,0.0,1,1,0
5530,0.0,1.0,2,2,0
5531,1.0,0.0,2,0,1
5533,1.0,0.0,1,2,0
5535,0.0,1.0,1,2,0
5536,0.0,0.0,1,0,0
5537,0.0,0.0,0,1,1
5539,0.0,0.0,1,2,1
5540,1.0,0.0,1,2,0
5542,1.0,0.0,1,2,1
5546,0.0,0.0,1,2,1
5547,1.0,1.0,1,1,0
5548,1.0,0.0,1,1,0
5549,1.0,1.0,1,1,1
5551,0.0,1.0,1,1,1
5552,0.0,0.0,1,1,1
5553,1.0,0.0,2,1,1
5555,1.0,0.0,1,1,1
5556,0.0,0.0,0,0,1
5557,0.0,0.0,0,0,1
5558,0.0,1.0,1,2,0
5559,0.0,0.0,1,0,1
5560,0.0,0.0,1,2,0
5561,0.0,0.0,0,1,0
5562,0.0,0.0,1,2,0
5563,1.0,1.0,1,0,0
5564,1.0,0.0,1,2,0
5565,1.0,1.0,2,1,1
5566,0.0,0.0,1,1,1
5567,1.0,0.0,1,2,1
5568,0.0,0.0,2,2,0
5569,0.0,0.0,2,2,1
5570,0.0,0.0,1,2,1
5571,1.0,1.0,0,0,0
5572,1.0,1.0,2,1,0
5573,0.0,0.0,2,2,0
5574,1.0,0.0,1,1,1
5575,0.0,1.0,1,2,1
5576,0.0,0.0,1,2,0
5577,1.0,1.0,1,0,1
5578,1.0,0.0,0,0,0
5579,0.0,0.0,0,0,0
5580,0.0,0.0,1,2,0
5581,0.0,1.0,1,1,1
5582,1.0,0.0,1,2,0
5583,0.0,1.0,0,1,0
5585,0.0,1.0,1,0,1
5586,1.0,0.0,0,0,1
5587,0.0,0.0,1,2,0
5588,1.0,1.0,2,1,0
5589,0.0,0.0,1,1,1
5590,0.0,1.0,0,0,0
5591,0.0,0.0,0,1,0
5592,0.0,0.0,1,2,0
5595,0.0,1.0,1,2,0
5596,0.0,1.0,1,0,1
5597,1.0,1.0,2,2,0
5598,0.0,0.0,1,1,1
5600,0.0,0.0,1,1,1
5601,0.0,0.0,1,0,1
5602,1.0,0.0,1,2,0
5603,0.0,0.0,2,0,0
5604,0.0,0.0,0,2,1
5605,0.0,0.0,0,1,0
5606,1.0,1.0,1,0,0
5607,1.0,0.0,0,1,1
5608,0.0,1.0,1,2,0
5610,1.0,0.0,2,1,1
5611,0.0,0.0,1,2,0
5612,0.0,0.0,1,0,0
5613,0.0,0.0,2,2,0
5614,0.0,0.0,1,2,0
5615,1.0,1.0,2,1,1
5617,0.0,0.0,1,2,0
5618,0.0,0.0,0,2,0
5619,1.0,0.0,2,1,0
5620,1.0,0.0,2,0,0
5621,0.0,1.0,1,1,1
5622,1.0,1.0,1,0,1
5623,0.0,1.0,1,1,1
5624,0.0,1.0,0,0,0
5625,1.0,1.0,2,1,1
5626,1.0,0.0,0,2,0
5627,0.0,1.0,2,1,1
5628,0.0,1.0,1,1,1
5629,0.0,1.0,1,2,0
5630,0.0,1.0,2,1,1
5631,1.0,0.0,1,0,1
5634,1.0,0.0,1,2,0
5635,1.0,0.0,2,2,1
5636,0.0,1.0,1,1,0
5637,0.0,0.0,1,1,1
5638,0.0,0.0,0,2,0
5640,0.0,0.0,2,2,0
5641,1.0,0.0,0,2,0
5642,0.0,0.0,0,0,1
5643,0.0,0.0,1,2,1
5644,0.0,0.0,0,0,0
5645,0.0,1.0,1,1,0
5646,0.0,0.0,1,1,1
5647,1.0,1.0,2,1,1
5648,0.0,0.0,1,2,0
5649,0.0,0.0,0,2,0
5650,1.0,1.0,1,1,1
5651,1.0,0.0,1,2,1
5652,0.0,0.0,1,1,1
5654,1.0,0.0,1,0,1
5655,0.0,0.0,1,1,1
5656,0.0,0.0,1,1,0
5657,0.0,0.0,0,0,1
5658,1.0,0.0,1,2,0
5659,0.0,1.0,1,0,1
5661,0.0,0.0,1,2,0
5662,1.0,0.0,0,1,0
5663,0.0,0.0,1,0,1
5664,0.0,0.0,2,0,1
5665,0.0,0.0,1,2,0
5666,0.0,0.0,1,2,0
5667,0.0,0.0,0,1,0
5668,1.0,1.0,2,1,1
5669,1.0,0.0,2,2,1
5670,0.0,1.0,1,0,1
5671,1.0,1.0,0,0,1
5672,0.0,0.0,1,2,0
5673,1.0,0.0,1,1,0
5675,0.0,1.0,1,2,0
5676,0.0,0.0,1,1,1
5678,1.0,0.0,2,1,0
5679,0.0,1.0,0,1,1
5680,1.0,0.0,1,0,0
5681,0.0,1.0,2,2,1
5682,1.0,1.0,2,1,1
5685,0.0,0.0,1,2,0
5686,0.0,0.0,1,2,0
5687,1.0,1.0,1,0,1
5688,1.0,1.0,1,1,1
5689,0.0,0.0,1,1,1
5690,1.0,1.0,1,0,1
5691,0.0,1.0,1,0,1
5692,1.0,0.0,1,2,1
5693,0.0,0.0,1,0,1
5694,0.0,0.0,1,1,1
5695,0.0,0.0,1,2,0
5697,1.0,0.0,1,1,1
5698,0.0,0.0,1,0,1
5699,0.0,0.0,1,2,0
5700,1.0,1.0,0,1,1
5701,1.0,0.0,1,0,1
5702,1.0,1.0,1,1,1
5703,1.0,0.0,1,0,1
5704,1.0,0.0,2,0,1
5705,1.0,0.0,1,2,1
5706,0.0,0.0,1,2,0
5707,0.0,0.0,1,2,0
5708,1.0,1.0,1,2,0
5709,1.0,0.0,2,0,1
5710,0.0,0.0,0,2,0
5711,1.0,0.0,1,1,0
5712,0.0,1.0,1,0,0
5713,0.0,0.0,1,2,1
5714,0.0,1.0,1,1,1
5716,1.0,0.0,1,1,1
5717,0.0,1.0,0,0,0
5718,0.0,1.0,1,0,1
5719,0.0,1.0,1,0,1
5720,1.0,0.0,2,2,0
5722,0.0,0.0,1,2,0
5724,1.0,0.0,1,2,1
5725,1.0,1.0,0,0,1
5726,1.0,0.0,1,2,1
5727,1.0,0.0,1,0,0
5728,0.0,1.0,1,1,1
5729,0.0,0.0,1,1,1
5730,0.0,1.0,1,0,1
5731,0.0,0.0,1,2,0
5732,1.0,1.0,0,1,1
5733,1.0,0.0,1,0,0
5734,1.0,1.0,1,0,0
5735,0.0,1.0,1,2,0
5736,0.0,0.0,0,1,0
5737,1.0,1.0,1,1,0
5738,1.0,0.0,1,1,1
5739,1.0,0.0,1,2,0
5740,1.0,0.0,2,1,0
5743,1.0,0.0,1,1,1
5744,1.0,0.0,1,1,1
5746,0.0,0.0,0,2,0
5747,1.0,0.0,0,1,1
5748,1.0,1.0,2,2,0
5749,0.0,0.0,1,2,1
5750,0.0,0.0,1,2,0
5751,1.0,1.0,1,2,0
5752,1.0,0.0,1,1,1
5753,0.0,0.0,1,1,1
5754,0.0,1.0,1,2,0
5755,0.0,0.0,0,1,1
5758,0.0,1.0,1,2,0
5759,1.0,1.0,1,1,1
5760,0.0,0.0,1,2,1
5761,1.0,0.0,1,2,0
5762,1.0,0.0,0,1,1
5763,1.0,1.0,2,0,1
5764,1.0,1.0,1,2,0
5765,0.0,0.0,2,2,0
5767,0.0,1.0,1,1,1
5768,1.0,0.0,1,1,0
5769,1.0,1.0,0,1,1
5771,1.0,1.0,1,0,1
5772,1.0,0.0,1,0,0
5773,1.0,0.0,1,1,1
5774,0.0,0.0,1,0,1
5776,0.0,0.0,0,1,0
5777,1.0,1.0,1,2,0
5778,0.0,1.0,1,2,1
5780,0.0,0.0,2,1,1
5784,0.0,0.0,1,0,0
5785,0.0,1.0,1,0,0
5786,1.0,0.0,1,0,1
5787,0.0,1.0,1,1,0
5789,0.0,1.0,0,1,0
5790,0.0,0.0,0,2,0
5792,0.0,0.0,2,2,1
5794,1.0,0.0,2,1,1
5795,0.0,0.0,0,1,0
5797,0.0,0.0,0,1,0
5798,0.0,0.0,1,2,0
5799,0.0,1.0,1,1,1
5800,1.0,1.0,1,0,1
5801,0.0,0.0,1,0,0
5802,1.0,0.0,2,1,1
5803,0.0,1.0,1,2,0
5807,0.0,0.0,1,1,0
5808,0.0,0.0,0,1,1
5809,0.0,1.0,0,1,0
5810,0.0,0.0,1,2,1
5811,1.0,0.0,2,2,0
5813,1.0,1.0,1,0,1
5814,0.0,0.0,0,1,1
5815,0.0,0.0,1,0,0
5816,0.0,1.0,1,0,1
5819,1.0,0.0,2,0,1
5821,1.0,0.0,0,2,1
5822,0.0,1.0,2,0,1
5824,0.0,0.0,0,0,0
5825,0.0,0.0,1,2,0
5826,0.0,0.0,1,2,0
5827,1.0,0.0,2,1,1
5828,0.0,0.0,0,0,1
5829,0.0,0.0,1,0,0
5830,0.0,1.0,0,1,0
5831,1.0,1.0,1,0,1
5832,0.0,0.0,0,1,0
5834,1.0,0.0,1,1,1
5835,0.0,0.0,1,0,1
5836,1.0,0.0,2,2,0
5837,0.0,1.0,1,0,1
5838,0.0,1.0,1,2,1
5839,0.0,0.0,1,0,1
5840,0.0,0.0,1,2,0
5842,1.0,1.0,2,0,1
5843,1.0,0.0,0,1,0
5844,0.0,1.0,1,2,1
5845,1.0,1.0,2,0,1
5846,0.0,0.0,1,0,0
5847,0.0,0.0,0,1,0
5848,0.0,1.0,2,1,1
5849,1.0,0.0,1,1,0
5850,0.0,0.0,1,2,0
5851,1.0,1.0,1,1,0
5852,1.0,0.0,2,0,1
5853,0.0,0.0,1,1,1
5854,0.0,0.0,1,1,0
5855,0.0,0.0,1,0,1
5856,0.0,1.0,0,1,0
5858,0.0,1.0,1,2,0
5859,1.0,0.0,1,2,0
5860,0.0,1.0,0,2,1
5861,0.0,1.0,1,0,1
5862,0.0,1.0,2,0,1
5863,0.0,1.0,1,1,1
5865,1.0,0.0,0,1,0
5866,1.0,1.0,0,1,0
5867,0.0,0.0,2,2,1
5868,0.0,0.0,1,0,1
5869,0.0,0.0,0,0,1
5870,0.0,1.0,1,1,1
5872,0.0,1.0,1,1,1
5874,1.0,1.0,2,0,1
5876,0.0,1.0,0,1,0
5878,0.0,0.0,1,1,0
5880,1.0,1.0,1,0,1
5881,0.0,1.0,1,2,0
5883,0.0,0.0,0,1,0
5884,1.0,1.0,2,0,0
5885,0.0,0.0,1,1,1
5886,0.0,1.0,1,1,0
5887,1.0,1.0,1,1,1
5888,0.0,0.0,0,1,0
5889,1.0,0.0,1,0,1
5891,1.0,1.0,0,1,0
5892,1.0,1.0,2,0,1
5894,0.0,0.0,0,1,1
5895,0.0,1.0,0,1,0
5896,0.0,0.0,1,2,0
5897,1.0,0.0,1,2,0
5898,1.0,0.0,2,2,1
5899,0.0,0.0,0,1,1
5900,0.0,0.0,2,1,1
5901,1.0,0.0,1,0,0
5902,0.0,0.0,0,0,0
5903,0.0,0.0,1,2,1
5904,0.0,0.0,0,0,1
5905,1.0,1.0,1,1,1
5907,0.0,0.0,1,1,0
5908,1.0,1.0,2,1,1
5909,1.0,0.0,2,1,1
5911,0.0,1.0,1,2,1
5912,1.0,1.0,1,2,0
5913,0.0,0.0,1,2,0
5914,1.0,1.0,2,1,1
5915,0.0,1.0,1,0,0
5916,0.0,1.0,1,1,1
5918,0.0,0.0,1,2,0
5919,0.0,1.0,1,0,1
5921,0.0,1.0,1,1,0
5922,0.0,0.0,1,1,1
5923,0.0,0.0,0,0,1
5924,0.0,0.0,1,1,1
5925,1.0,1.0,1,0,1
5926,1.0,0.0,2,0,1
5927,1.0,0.0,1,2,0
5928,0.0,0.0,0,1,0
5929,1.0,0.0,2,0,1
5930,1.0,1.0,1,1,1
5932,0.0,1.0,1,0,1
5933,0.0,1.0,1,2,0
5935,0.0,0.0,2,2,0
5936,1.0,0.0,0,2,0
5937,1.0,1.0,1,1,0
5938,0.0,0.0,0,1,0
5939,1.0,1.0,1,0,1
5940,0.0,0.0,1,2,0
5941,1.0,1.0,1,2,0
5942,1.0,0.0,2,2,0
5943,0.0,1.0,1,2,0
5944,0.0,0.0,1,1,1
5946,0.0,1.0,1,1,0
5947,1.0,0.0,0,2,0
5949,1.0,0.0,1,1,0
5951,0.0,0.0,2,2,0
5952,1.0,0.0,1,1,1
5953,0.0,0.0,1,2,0
5954,1.0,1.0,2,1,0
5955,1.0,0.0,2,1,1
5956,1.0,1.0,1,1,1
5958,1.0,0.0,2,1,0
5959,0.0,0.0,0,1,1
5960,0.0,0.0,0,1,0
5961,0.0,0.0,1,2,1
5962,0.0,0.0,0,2,0
5963,0.0,1.0,2,1,1
5964,0.0,1.0,0,1,0
5965,0.0,0.0,1,2,1
5966,1.0,0.0,1,1,0
5967,1.0,0.0,1,2,1
5968,0.0,0.0,2,1,0
5969,0.0,0.0,0,1,0
5970,1.0,0.0,1,2,0
5971,1.0,0.0,2,2,0
5973,0.0,0.0,1,2,0
5974,0.0,0.0,0,1,1
5975,1.0,0.0,1,1,1
5976,1.0,1.0,2,1,0
5977,0.0,1.0,1,1,1
5979,1.0,0.0,1,2,0
5980,0.0,0.0,1,1,1
5981,0.0,0.0,1,2,0
5983,1.0,0.0,2,2,1
5984,1.0,0.0,1,0,1
5985,0.0,0.0,1,2,1
5986,1.0,0.0,0,0,1
5987,0.0,0.0,1,0,0
5988,0.0,1.0,0,1,0
5989,0.0,1.0,0,0,1
5991,1.0,0.0,1,0,1
5992,1.0,0.0,0,1,0
5993,1.0,0.0,0,1,0
5994,1.0,0.0,0,2,0
5995,0.0,0.0,1,2,0
5997,1.0,0.0,2,1,0
5998,0.0,1.0,1,2,1
5999,1.0,0.0,2,1,1
6000,0.0,1.0,1,2,0
6001,0.0,0.0,1,0,1
6002,0.0,0.0,0,0,1
6003,0.0,0.0,1,0,1
6005,1.0,0.0,2,1,1
6007,0.0,0.0,0,0,0
6008,1.0,0.0,0,1,1
6009,1.0,0.0,0,0,0
6011,1.0,0.0,1,1,0
6012,0.0,1.0,1,1,0
6013,0.0,0.0,0,1,1
6015,0.0,0.0,1,2,0
6016,1.0,1.0,1,0,1
6017,0.0,0.0,2,2,0
6018,0.0,1.0,1,2,1
6021,1.0,0.0,2,2,1
6022,0.0,0.0,2,1,0
6023,0.0,1.0,1,1,1
6024,1.0,0.0,1,0,0
6027,0.0,0.0,0,1,0
6028,1.0,0.0,2,2,1
6031,0.0,0.0,1,1,0
6032,0.0,1.0,1,1,1
6033,0.0,0.0,1,2,0
6034,0.0,0.0,1,1,0
6036,1.0,0.0,2,2,1
6037,0.0,0.0,0,0,1
6038,1.0,1.0,0,0,1
6039,1.0,1.0,2,0,1
6040,0.0,1.0,1,2,1
6041,1.0,1.0,1,0,1
6042,1.0,0.0,0,1,0
6043,1.0,0.0,1,0,1
6044,0.0,1.0,1,2,0
6045,1.0,0.0,1,1,0
6046,1.0,0.0,1,1,1
6047,0.0,1.0,0,0,1
6048,1.0,1.0,0,0,1
6049,1.0,0.0,1,1,1
6050,1.0,0.0,1,1,0
6051,0.0,0.0,1,0,1
6052,0.0,0.0,1,0,1
6053,1.0,0.0,2,1,0
6054,0.0,0.0,1,0,1
6055,0.0,0.0,0,1,0
6056,0.0,0.0,1,1,0
6057,1.0,0.0,1,1,1
6058,1.0,0.0,1,0,1
6059,1.0,0.0,1,1,1
6060,0.0,0.0,0,1,0
6061,0.0,1.0,1,1,1
6062,1.0,1.0,2,0,1
6063,0.0,0.0,1,1,0
6064,0.0,0.0,2,2,1
6066,1.0,0.0,1,2,1
6067,0.0,0.0,1,1,1
6068,1.0,0.0,1,0,0
6069,1.0,0.0,1,2,0
6070,0.0,0.0,1,0,1
6071,1.0,1.0,2,0,1
6072,1.0,0.0,1,0,0
6073,1.0,0.0,2,2,1
6074,0.0,0.0,1,1,0
6075,0.0,0.0,1,1,1
6077,0.0,0.0,1,0,1
6078,1.0,1.0,1,0,1
6079,1.0,0.0,1,1,0
6080,0.0,1.0,1,0,1
6081,0.0,1.0,1,1,1
6082,1.0,1.0,2,1,1
6083,1.0,0.0,2,1,1
6084,1.0,0.0,0,2,0
6085,0.0,0.0,1,0,1
6086,1.0,1.0,2,0,1
6087,0.0,1.0,1,0,1
6088,1.0,1.0,1,0,1
6089,1.0,1.0,1,2,1
6090,0.0,0.0,0,0,1
6091,1.0,0.0,1,2,0
6092,1.0,0.0,1,0,1
6093,0.0,0.0,2,1,1
6094,0.0,0.0,0,2,0
6095,1.0,0.0,0,1,1
6096,0.0,0.0,1,2,1
6097,0.0,0.0,1,2,0
6099,0.0,0.0,1,2,0
6100,0.0,1.0,2,1,1
6103,1.0,0.0,0,1,0
6104,0.0,1.0,1,0,1
6105,0.0,1.0,0,0,0
6106,0.0,0.0,2,2,0
6107,1.0,0.0,2,1,0
6109,1.0,0.0,2,2,1
6111,0.0,0.0,1,2,0
6112,0.0,1.0,1,2,0
6113,0.0,1.0,2,1,1
6114,0.0,0.0,0,1,0
6115,1.0,1.0,0,2,0
6116,1.0,0.0,1,1,0
6118,1.0,1.0,1,1,0
6119,0.0,0.0,0,1,0
6121,0.0,0.0,0,0,1
6122,0.0,1.0,2,1,0
6123,0.0,0.0,2,2,0
6124,0.0,0.0,1,2,1
6125,1.0,0.0,1,1,1
6126,0.0,1.0,1,0,0
6127,1.0,0.0,1,1,0
6129,0.0,1.0,1,2,1
6130,0.0,0.0,2,2,0
6131,0.0,1.0,1,0,1
6132,1.0,0.0,0,1,1
6133,1.0,0.0,1,2,1
6134,0.0,0.0,2,2,1
6135,1.0,0.0,0,2,1
6136,1.0,0.0,1,1,0
6137,1.0,1.0,0,0,1
6138,0.0,1.0,1,2,1
6139,0.0,0.0,1,2,0
6140,1.0,1.0,1,1,1
6141,0.0,0.0,1,1,0
6142,0.0,1.0,2,2,1
6145,0.0,0.0,1,2,0
6146,0.0,1.0,1,1,1
6147,0.0,0.0,2,2,0
6148,0.0,0.0,0,1,1
6149,0.0,0.0,1,2,0
6152,1.0,0.0,1,1,0
6154,1.0,0.0,1,2,1
6155,1.0,1.0,1,1,1
6156,0.0,0.0,2,2,1
6158,0.0,0.0,1,2,0
6159,1.0,0.0,1,1,1
6160,1.0,0.0,2,0,1
6161,1.0,1.0,2,1,0
6162,1.0,0.0,1,1,0
6163,1.0,0.0,1,2,1
6165,0.0,1.0,0,1,0
6167,1.0,1.0,0,1,0
6168,0.0,0.0,1,2,0
6169,0.0,1.0,1,1,0
6170,0.0,0.0,1,2,0
6171,0.0,0.0,1,2,1
6173,0.0,1.0,1,1,1
6174,0.0,0.0,1,2,0
6175,1.0,1.0,1,1,0
6176,1.0,0.0,2,2,0
6177,0.0,0.0,1,1,0
6178,1.0,0.0,1,1,0
6179,0.0,0.0,2,0,0
6180,0.0,0.0,1,1,1
6181,1.0,0.0,2,0,1
6182,1.0,1.0,2,2,1
6184,0.0,1.0,1,0,1
6185,0.0,0.0,1,1,1
6186,1.0,0.0,0,1,1
6187,0.0,0.0,1,2,0
6189,0.0,0.0,2,2,1
6190,0.0,0.0,1,1,0
6191,0.0,0.0,0,0,1
6192,0.0,1.0,1,2,0
6193,0.0,0.0,1,1,0
6194,0.0,0.0,1,2,0
6195,1.0,0.0,1,0,1
6197,1.0,1.0,2,0,1
6198,0.0,0.0,0,0,1
6199,0.0,0.0,1,2,0
6200,0.0,1.0,1,2,0
6201,0.0,1.0,0,0,0
6205,1.0,1.0,2,1,0
6207,1.0,1.0,0,0,1
6208,0.0,0.0,2,1,1
6209,0.0,0.0,0,0,0
6210,0.0,0.0,1,2,1
6211,0.0,0.0,1,1,1
6212,0.0,0.0,1,1,1
6213,1.0,0.0,2,1,1
6214,0.0,0.0,1,2,0
6215,1.0,1.0,1,1,1
6216,0.0,0.0,0,0,0
6217,1.0,1.0,0,0,0
6218,1.0,1.0,0,1,1
6219,0.0,1.0,1,2,1
6220,0.0,0.0,1,0,1
6221,1.0,0.0,1,0,1
6223,0.0,0.0,1,1,1
6224,0.0,0.0,1,2,0
6225,1.0,0.0,1,1,1
6227,0.0,1.0,1,2,1
6228,0.0,1.0,0,0,0
6229,0.0,0.0,1,2,0
6231,0.0,1.0,2,2,1
6232,0.0,0.0,1,1,1
6233,0.0,0.0,1,1,1
6234,0.0,0.0,1,2,0
6235,1.0,0.0,2,1,1
6236,1.0,1.0,1,0,1
6237,1.0,0.0,1,2,0
6238,0.0,0.0,1,1,0
6239,1.0,1.0,1,1,1
6240,1.0,0.0,0,1,0
6241,0.0,1.0,1,1,1
6242,0.0,0.0,2,2,1
6243,0.0,0.0,1,2,0
6246,0.0,0.0,0,1,0
6247,0.0,0.0,2,2,0
6249,0.0,1.0,1,2,0
6251,0.0,0.0,0,1,0
6252,1.0,0.0,1,1,1
6253,0.0,0.0,1,1,0
6254,0.0,0.0,1,1,0
6255,0.0,0.0,0,1,0
6256,1.0,1.0,1,1,0
6257,0.0,0.0,2,2,1
6258,1.0,1.0,1,0,1
6259,1.0,0.0,2,2,1
6260,0.0,0.0,2,2,0
6262,1.0,1.0,2,1,1
6263,1.0,1.0,1,0,1
6265,0.0,1.0,1,1,1
6266,1.0,0.0,0,2,0
6267,1.0,0.0,1,1,0
6268,0.0,1.0,1,1,0
6269,1.0,0.0,0,1,1
6270,1.0,0.0,0,1,0
6271,0.0,0.0,1,0,1
6272,0.0,0.0,1,2,0
6273,1.0,1.0,1,0,1
6274,0.0,0.0,0,0,0
6275,0.0,0.0,1,2,1
6278,0.0,1.0,1,2,1
6279,0.0,0.0,1,1,1
6280,0.0,0.0,0,0,1
6281,0.0,0.0,2,0,0
6282,0.0,1.0,0,0,0
6283,1.0,0.0,2,0,1
6284,0.0,1.0,2,1,1
6285,0.0,0.0,0,1,0
6286,1.0,0.0,1,1,1
6287,1.0,0.0,2,0,1
6288,0.0,0.0,1,1,0
6289,1.0,1.0,0,0,1
6290,1.0,0.0,1,2,0
6292,0.0,0.0,1,2,0
6293,0.0,0.0,0,2,0
6294,1.0,0.0,1,1,0
6295,1.0,0.0,0,0,1
6297,1.0,1.0,1,1,0
6298,1.0,0.0,2,2,0
6299,0.0,0.0,1,2,1
6300,0.0,0.0,1,2,0
6301,1.0,0.0,1,1,0
6302,1.0,0.0,2,2,0
6303,1.0,0.0,0,1,0
6304,1.0,0.0,2,0,1
6305,0.0,1.0,1,0,1
6307,0.0,0.0,1,2,0
6308,1.0,0.0,1,1,0
6309,0.0,0.0,0,1,0
6310,0.0,0.0,0,2,1
6311,1.0,1.0,1,0,1
6312,1.0,1.0,0,1,1
6313,1.0,0.0,2,1,1
6316,1.0,0.0,1,0,1
6317,0.0,0.0,1,2,0
6318,0.0,1.0,1,2,0
6319,1.0,0.0,2,1,1
6320,1.0,0.0,1,0,1
6321,0.0,1.0,0,0,1
6322,1.0,1.0,1,1,1
6323,0.0,1.0,1,2,0
6324,1.0,0.0,2,1,1
6326,1.0,0.0,0,1,1
6327,0.0,0.0,2,1,0
6328,1.0,1.0,1,0,0
6329,0.0,0.0,1,2,0
6330,0.0,1.0,1,2,1
6331,0.0,1.0,1,0,1
6332,1.0,1.0,2,1,1
6333,0.0,1.0,1,1,1
6334,1.0,0.0,1,1,0
6335,0.0,0.0,0,0,1
6336,1.0,0.0,0,1,0
6337,0.0,1.0,1,0,1
6338,0.0,0.0,1,1,1
6339,1.0,0.0,0,0,1
6340,0.0,0.0,2,2,1
6341,1.0,1.0,0,2,0
6342,0.0,0.0,1,1,1
6343,0.0,0.0,1,0,1
6344,0.0,0.0,0,2,0
6345,0.0,1.0,0,0,0
6346,0.0,0.0,0,0,1
6347,0.0,1.0,1,1,1
6348,0.0,1.0,1,2,1
6349,0.0,1.0,1,0,1
6350,0.0,0.0,1,1,1
6352,1.0,1.0,1,1,1
6353,0.0,0.0,0,1,0
6355,0.0,0.0,1,0,0
6356,0.0,0.0,0,0,1
6357,1.0,1.0,0,2,1
6359,0.0,0.0,1,2,0
6360,0.0,0.0,0,1,1
6361,0.0,0.0,1,2,0
6362,0.0,0.0,1,1,0
6363,1.0,1.0,1,0,1
6364,0.0,0.0,0,2,0
6365,1.0,0.0,1,1,1
6366,1.0,1.0,2,0,1
6367,1.0,0.0,1,0,0
6368,1.0,0.0,0,1,0
6369,0.0,1.0,0,0,1
6370,0.0,0.0,2,0,1
6372,0.0,0.0,1,2,0
6373,0.0,0.0,1,0,0
6374,1.0,1.0,1,0,1
6375,0.0,1.0,0,1,1
6376,0.0,0.0,0,1,0
6377,0.0,0.0,0,0,0
6378,1.0,0.0,0,0,1
6380,1.0,0.0,2,1,1
6381,0.0,1.0,1,1,1
6382,0.0,0.0,2,2,0
6383,0.0,1.0,0,1,0
6384,0.0,0.0,0,1,0
6385,0.0,0.0,1,1,1
6386,0.0,1.0,0,1,0
6388,0.0,0.0,1,2,0
6389,0.0,0.0,1,2,0
6390,1.0,0.0,2,2,0
6391,0.0,0.0,0,0,1
6392,0.0,0.0,0,1,0
6394,0.0,0.0,1,1,0
6395,0.0,0.0,1,2,0
6396,0.0,1.0,1,2,0
6397,1.0,0.0,1,2,0
6398,1.0,0.0,2,0,1
6399,1.0,1.0,1,0,1
6400,0.0,1.0,1,2,1
6401,0.0,0.0,0,1,0
6402,1.0,1.0,2,0,0
6403,1.0,0.0,2,1,1
6404,0.0,0.0,1,0,0
6405,0.0,0.0,1,0,1
6406,0.0,1.0,1,2,0
6407,1.0,0.0,0,2,0
6408,0.0,1.0,1,2,1
6409,0.0,0.0,0,2,0
6410,0.0,1.0,1,1,1
6411,1.0,1.0,2,0,1
6412,0.0,0.0,1,2,0
6413,0.0,0.0,0,0,0
6414,0.0,0.0,2,2,1
6415,0.0,1.0,2,1,1
6416,0.0,0.0,1,1,0
6417,1.0,1.0,2,2,1
6418,1.0,1.0,2,2,0
6421,0.0,0.0,1,1,0
6422,0.0,1.0,1,1,1
6423,1.0,0.0,1,0,0
6424,1.0,1.0,1,1,1
6425,0.0,1.0,1,2,1
6426,0.0,0.0,1,0,1
6428,0.0,0.0,1,1,0
6430,1.0,0.0,2,1,1
6432,0.0,0.0,1,2,1
6433,0.0,0.0,1,2,0
6434,0.0,0.0,1,2,0
6435,0.0,0.0,1,1,0
6436,0.0,0.0,1,1,0
6437,1.0,0.0,2,2,0
6438,0.0,1.0,1,1,1
6439,1.0,1.0,1,2,0
6440,0.0,0.0,2,2,1
6442,0.0,0.0,1,1,0
6443,1.0,0.0,1,0,1
6444,1.0,0.0,2,0,1
6446,1.0,1.0,1,1,0
6447,1.0,0.0,2,0,1
6448,0.0,1.0,1,1,0
6449,0.0,0.0,2,1,1
6450,1.0,0.0,0,1,1
6451,0.0,0.0,2,0,1
6452,1.0,1.0,1,0,0
6454,0.0,0.0,1,2,0
6455,1.0,0.0,2,1,0
6456,0.0,1.0,2,0,0
6457,1.0,0.0,1,1,0
6458,0.0,0.0,2,0,0
6459,0.0,1.0,2,1,0
6460,0.0,0.0,0,1,0
6461,1.0,0.0,2,2,0
6462,0.0,0.0,2,2,0
6463,1.0,0.0,2,1,1
6464,0.0,0.0,1,2,1
6465,0.0,0.0,0,2,0
6467,1.0,0.0,1,1,1
6469,0.0,1.0,1,1,0
6470,0.0,1.0,1,2,0
6471,0.0,0.0,1,2,0
6472,0.0,1.0,1,1,1
6473,0.0,1.0,2,2,1
6474,1.0,0.0,1,1,1
6475,0.0,1.0,2,0,0
6476,0.0,0.0,1,1,0
6477,1.0,0.0,0,1,0
6478,0.0,1.0,2,2,0
6479,1.0,1.0,2,0,1
6480,1.0,0.0,2,2,0
6481,0.0,0.0,1,2,0
6482,0.0,0.0,0,0,1
6484,0.0,0.0,1,2,1
6485,0.0,0.0,1,2,1
6486,0.0,1.0,1,1,1
6487,0.0,0.0,1,1,0
6488,0.0,0.0,1,2,0
6489,1.0,0.0,1,2,0
6490,0.0,0.0,2,2,0
6491,0.0,1.0,1,1,1
6493,0.0,1.0,1,0,0
6495,0.0,0.0,1,2,0
6496,1.0,1.0,0,1,0
6497,1.0,1.0,1,2,1
6498,0.0,0.0,2,2,0
6499,0.0,0.0,0,1,0
6500,0.0,0.0,1,2,0
6501,0.0,0.0,0,1,0
6503,1.0,1.0,0,2,0
6505,0.0,1.0,1,1,1
6506,1.0,1.0,1,1,1
6507,0.0,1.0,1,0,1
6508,1.0,1.0,2,0,0
6509,0.0,1.0,1,1,1
6510,0.0,0.0,1,2,1
6511,0.0,0.0,1,2,0
6512,1.0,0.0,1,0,0
6513,1.0,1.0,1,2,0
6514,0.0,1.0,2,0,1
6515,0.0,0.0,1,2,0
6516,0.0,0.0,1,2,0
6517,0.0,0.0,0,2,0
6518,0.0,0.0,2,1,0
6519,1.0,1.0,2,0,1
6520,0.0,0.0,1,2,0
6523,1.0,0.0,1,0,0
6524,1.0,0.0,0,0,0
6525,0.0,0.0,1,2,1
6527,1.0,0.0,1,1,1
6528,1.0,0.0,1,0,1
6529,0.0,0.0,0,1,0
6530,0.0,0.0,1,0,1
6531,0.0,0.0,2,2,0
6532,0.0,1.0,0,0,1
6533,0.0,1.0,1,0,1
6534,0.0,0.0,0,1,1
6535,1.0,0.0,0,1,1
6536,0.0,1.0,2,2,0
6537,0.0,0.0,1,1,0
6538,1.0,0.0,2,2,0
6539,0.0,0.0,1,2,0
6540,1.0,0.0,2,0,1
6541,0.0,1.0,0,0,1
6542,0.0,0.0,0,0,0
6543,0.0,1.0,1,2,0
6544,1.0,1.0,1,1,1
6545,0.0,0.0,1,1,0
6546,0.0,0.0,0,1,0
6547,0.0,0.0,0,1,0
6548,0.0,0.0,0,0,1
6549,1.0,0.0,1,2,1
6550,0.0,1.0,0,0,0
6551,0.0,0.0,1,1,1
6552,0.0,0.0,0,1,0
6553,1.0,1.0,0,0,1
6554,1.0,0.0,1,0,0
6555,0.0,1.0,0,0,0
6556,0.0,1.0,1,2,1
6557,1.0,1.0,0,0,0
6558,0.0,0.0,0,0,1
6559,1.0,0.0,1,1,0
6560,0.0,0.0,1,2,0
6561,0.0,0.0,0,0,0
6562,0.0,1.0,2,2,0
6563,0.0,0.0,0,1,0
6564,0.0,0.0,2,2,0
6565,0.0,0.0,1,2,0
6567,0.0,0.0,0,0,1
6568,0.0,0.0,0,1,0
6569,1.0,0.0,1,0,1
6570,1.0,0.0,0,0,1
6571,0.0,1.0,1,2,0
6572,0.0,0.0,0,0,0
6573,0.0,0.0,2,2,1
6574,0.0,1.0,2,1,1
6575,1.0,0.0,2,0,1
6576,1.0,0.0,1,2,0
6577,0.0,0.0,1,2,0
6578,0.0,0.0,2,0,1
6579,0.0,1.0,1,2,0
6580,0.0,1.0,2,2,0
6581,0.0,1.0,2,2,0
6582,0.0,1.0,2,1,0
6583,0.0,0.0,1,2,0
6584,1.0,0.0,2,0,1
6585,1.0,1.0,1,0,0
6586,0.0,1.0,0,0,0
6587,1.0,0.0,0,0,0
6588,1.0,0.0,2,0,1
6589,1.0,0.0,1,2,0
6591,1.0,0.0,1,2,0
6592,0.0,0.0,1,1,1
6593,0.0,0.0,2,1,1
6594,0.0,0.0,1,2,1
6596,0.0,0.0,1,2,1
6597,0.0,1.0,2,2,1
6598,0.0,0.0,1,2,1
6599,0.0,0.0,1,0,1
6600,1.0,0.0,1,1,0
6601,0.0,1.0,2,0,1
6602,1.0,1.0,1,1,1
6603,0.0,0.0,2,2,1
6604,1.0,0.0,0,0,1
6605,1.0,0.0,1,0,1
6607,1.0,0.0,1,2,0
6608,0.0,1.0,1,1,1
6609,0.0,0.0,0,1,1
6610,0.0,1.0,1,2,1
6613,0.0,1.0,0,2,0
6614,1.0,1.0,1,0,1
6615,1.0,0.0,2,2,1
6616,1.0,0.0,1,1,0
6617,1.0,0.0,2,0,0
6618,0.0,0.0,1,1,1
6619,0.0,0.0,1,2,0
6620,0.0,0.0,2,2,0
6621,1.0,1.0,0,0,1
6622,0.0,0.0,1,1,1
6624,0.0,0.0,1,1,0
6625,1.0,1.0,1,2,1
6626,0.0,0.0,1,1,1
6627,0.0,0.0,1,2,0
6628,0.0,0.0,1,0,1
6629,0.0,1.0,1,1,0
6630,0.0,0.0,1,2,1
6632,0.0,0.0,0,1,0
6634,0.0,0.0,1,2,0
6635,1.0,1.0,2,2,0
6636,1.0,1.0,1,1,1
6638,1.0,1.0,0,0,0
6639,1.0,1.0,2,2,0
6640,0.0,0.0,1,2,0
6641,0.0,0.0,2,1,1
6642,0.0,0.0,0,1,1
6643,1.0,1.0,1,1,0
6644,1.0,1.0,1,0,1
6646,0.0,0.0,1,1,0
6647,0.0,0.0,1,0,1
6649,0.0,0.0,1,1,0
6650,0.0,0.0,1,2,0
6651,0.0,0.0,1,1,1
6652,0.0,1.0,1,2,0
6654,0.0,1.0,1,2,0
6655,0.0,1.0,1,1,0
6657,0.0,0.0,1,2,0
6658,0.0,0.0,0,0,0
6659,1.0,0.0,2,0,1
6660,1.0,0.0,1,0,1
6661,0.0,1.0,0,2,1
6662,0.0,0.0,1,2,0
6663,1.0,0.0,2,1,1
6664,0.0,0.0,0,1,0
6665,1.0,1.0,2,1,1
6666,1.0,1.0,1,0,0
6667,0.0,0.0,1,2,0
6668,0.0,1.0,1,2,0
6669,1.0,0.0,1,0,0
6670,0.0,0.0,1,2,0
6671,1.0,0.0,2,0,1
6672,0.0,1.0,2,1,1
6673,1.0,1.0,1,1,1
6674,0.0,0.0,1,0,1
6675,0.0,1.0,1,1,1
6676,0.0,1.0,1,1,1
6677,0.0,1.0,1,0,1
6678,1.0,1.0,1,1,0
6679,0.0,0.0,1,2,0
6680,0.0,1.0,0,1,1
6681,0.0,0.0,0,2,0
6683,1.0,0.0,1,2,1
6684,0.0,0.0,2,2,0
6687,0.0,1.0,1,1,0
6689,0.0,0.0,1,2,1
6690,1.0,1.0,1,2,1
6691,1.0,0.0,1,2,1
6692,0.0,1.0,1,0,1
6693,0.0,1.0,0,0,1
6694,0.0,0.0,2,1,1
6695,0.0,0.0,0,2,1
6696,0.0,1.0,1,0,1
6697,0.0,0.0,1,2,0
6698,0.0,1.0,0,0,0
6699,1.0,0.0,0,0,0
6700,0.0,0.0,0,1,1
6701,0.0,1.0,1,0,1
6702,0.0,0.0,1,0,1
6704,0.0,0.0,1,2,0
6705,1.0,0.0,2,1,1
6706,0.0,0.0,1,1,1
6707,1.0,1.0,2,0,1
6708,0.0,1.0,1,1,0
6709,0.0,0.0,0,1,1
6710,0.0,0.0,1,1,0
6711,0.0,0.0,0,1,1
6712,1.0,0.0,0,0,0
6713,0.0,0.0,1,0,1
6714,0.0,0.0,1,2,0
6715,1.0,1.0,1,1,1
6718,0.0,0.0,1,2,0
6719,1.0,0.0,1,0,1
6720,0.0,1.0,0,0,1
6722,0.0,0.0,1,2,1
6723,1.0,0.0,1,2,1
6725,1.0,0.0,2,1,0
6726,1.0,1.0,2,0,1
6727,1.0,0.0,2,2,0
6728,0.0,0.0,1,1,1
6730,0.0,0.0,1,2,1
6731,1.0,0.0,1,0,1
6734,0.0,1.0,0,0,1
6735,0.0,0.0,1,1,0
6736,0.0,1.0,1,0,0
6737,0.0,0.0,1,1,0
6738,0.0,0.0,1,2,0
6739,0.0,1.0,1,1,1
6740,0.0,0.0,1,1,0
6741,1.0,1.0,2,0,1
6742,0.0,0.0,1,2,0
6744,1.0,0.0,1,0,0
6745,0.0,0.0,1,2,0
6746,0.0,0.0,0,0,1
6747,1.0,0.0,0,1,1
6748,0.0,0.0,2,1,1
6749,0.0,0.0,1,1,1
6750,0.0,1.0,1,1,0
6751,0.0,1.0,1,1,1
6752,1.0,1.0,2,0,1
6753,0.0,0.0,0,1,0
6754,0.0,1.0,2,2,0
6756,0.0,0.0,0,0,0
6757,1.0,0.0,2,1,0
6758,0.0,0.0,1,2,1
6759,0.0,0.0,2,2,0
6760,0.0,1.0,1,1,0
6761,0.0,0.0,1,2,1
6762,1.0,0.0,1,2,0
6763,0.0,0.0,1,0,0
6765,0.0,1.0,2,0,1
6766,0.0,0.0,1,1,0
6768,0.0,1.0,0,1,0
6769,0.0,0.0,1,2,0
6770,1.0,1.0,0,0,1
6771,0.0,0.0,1,1,1
6773,1.0,1.0,2,0,1
6776,0.0,0.0,0,0,0
6778,0.0,1.0,1,1,0
6780,1.0,0.0,1,0,0
6781,0.0,1.0,0,1,0
6783,0.0,0.0,1,0,1
6784,0.0,0.0,2,2,1
6785,0.0,1.0,1,2,0
6786,0.0,1.0,0,1,1
6787,0.0,0.0,1,1,0
6788,0.0,1.0,1,0,0
6789,0.0,1.0,0,0,1
6792,1.0,0.0,1,1,1
6793,0.0,1.0,1,1,0
6794,1.0,0.0,1,0,1
6795,1.0,0.0,1,1,1
6796,0.0,0.0,0,1,0
6798,0.0,0.0,1,2,0
6800,1.0,0.0,1,0,1
6802,1.0,1.0,1,0,0
6803,0.0,1.0,0,0,0
6804,1.0,1.0,2,0,1
6805,1.0,0.0,1,0,1
6806,1.0,1.0,0,0,0
6807,0.0,1.0,1,2,0
6809,0.0,0.0,0,1,0
6810,0.0,0.0,1,2,0
6811,1.0,1.0,0,1,1
6812,0.0,0.0,1,1,0
6813,0.0,1.0,1,1,0
6814,1.0,1.0,1,2,1
6815,1.0,0.0,1,1,0
6816,0.0,0.0,1,2,0
6817,0.0,1.0,1,0,1
6818,1.0,0.0,1,1,1
6819,1.0,1.0,0,1,1
6820,1.0,1.0,2,0,1
6821,1.0,1.0,2,1,1
6822,1.0,0.0,1,2,0
6824,0.0,0.0,1,1,1
6825,0.0,0.0,2,2,0
6827,1.0,0.0,2,2,1
6828,0.0,1.0,2,2,1
6829,1.0,0.0,2,0,1
6830,0.0,1.0,2,1,1
6831,0.0,0.0,1,1,1
6832,0.0,1.0,0,1,1
6833,1.0,0.0,2,0,1
6835,1.0,0.0,1,2,0
6836,1.0,0.0,1,1,0
6837,1.0,0.0,1,1,0
6838,0.0,0.0,2,1,1
6839,0.0,1.0,1,2,0
6840,1.0,0.0,2,1,1
6841,1.0,0.0,2,1,1
6842,1.0,1.0,2,2,1
6845,1.0,1.0,1,1,1
6846,0.0,0.0,2,2,1
6847,1.0,1.0,2,1,1
6848,0.0,0.0,0,0,1
6849,1.0,1.0,1,1,0
6850,0.0,0.0,0,0,1
6851,1.0,0.0,1,0,1
6853,0.0,0.0,1,2,0
6855,0.0,0.0,0,0,1
6856,1.0,0.0,2,1,1
6857,0.0,1.0,2,2,0
6858,0.0,1.0,2,1,1
6859,1.0,1.0,1,1,0
6860,0.0,0.0,1,2,0
6861,0.0,0.0,1,0,1
6862,0.0,0.0,1,2,0
6864,0.0,0.0,1,2,0
6865,0.0,0.0,1,2,0
6867,1.0,0.0,1,0,1
6868,0.0,1.0,0,1,0
6869,1.0,1.0,2,1,1
6870,1.0,1.0,2,1,1
6872,0.0,1.0,1,0,1
6873,0.0,0.0,2,2,0
6874,1.0,0.0,1,1,1
6877,0.0,0.0,2,2,0
6879,0.0,1.0,0,0,1
6880,1.0,1.0,1,1,1
6881,1.0,1.0,2,0,1
6882,1.0,0.0,2,2,0
6883,1.0,1.0,0,1,1
6884,1.0,0.0,1,0,0
6885,1.0,1.0,1,1,1
6888,0.0,1.0,0,1,0
6890,1.0,0.0,2,1,1
6891,1.0,0.0,1,2,0
6892,0.0,0.0,1,2,0
6893,1.0,0.0,1,0,1
6894,0.0,0.0,0,0,1
6895,0.0,0.0,1,2,0
6896,1.0,0.0,1,1,1
6897,0.0,0.0,1,1,1
6898,1.0,0.0,1,1,1
6899,0.0,1.0,1,2,0
6900,0.0,0.0,1,2,0
6901,1.0,0.0,1,0,1
6902,1.0,0.0,0,0,1
6903,0.0,1.0,1,2,0
6904,0.0,1.0,1,1,0
6905,0.0,0.0,0,0,0
6906,1.0,1.0,2,0,1
6908,0.0,0.0,1,1,1
6909,0.0,0.0,1,1,0
6910,1.0,0.0,1,2,1
6912,0.0,0.0,1,1,1
6913,1.0,0.0,1,2,0
6914,0.0,1.0,1,2,0
6915,0.0,0.0,1,2,0
6916,0.0,1.0,1,2,0
6917,0.0,0.0,1,2,0
6918,0.0,1.0,0,1,1
6919,1.0,1.0,1,2,0
6920,1.0,1.0,1,1,0
6921,1.0,0.0,0,1,0
6922,1.0,0.0,1,2,0
6923,1.0,1.0,2,1,0
6924,1.0,1.0,2,0,1
6925,0.0,0.0,1,2,1
6926,1.0,1.0,1,1,1
6927,0.0,1.0,2,1,0
6928,1.0,0.0,2,1,1
6930,1.0,1.0,1,0,1
6931,1.0,1.0,2,0,1
6932,0.0,0.0,1,2,0
6933,0.0,0.0,0,0,0
6934,0.0,0.0,1,1,0
6935,0.0,0.0,1,1,1
6936,0.0,1.0,1,2,1
6937,0.0,0.0,1,2,0
6938,0.0,1.0,1,2,1
6939,1.0,0.0,1,1,0
6940,0.0,1.0,0,2,1
6941,0.0,0.0,2,2,1
6942,1.0,0.0,1,1,1
6943,1.0,0.0,1,2,1
6944,1.0,0.0,2,0,1
6945,1.0,0.0,0,1,0
6946,0.0,0.0,1,2,0
6947,0.0,0.0,0,1,1
6948,1.0,0.0,1,2,1
6949,1.0,1.0,2,0,0
6950,0.0,1.0,1,2,0
6951,1.0,1.0,0,1,1
6952,0.0,1.0,0,1,0
6953,0.0,0.0,0,1,0
6954,1.0,0.0,1,1,0
6955,0.0,0.0,1,1,1
6956,0.0,1.0,2,1,0
6958,0.0,1.0,0,2,0
6959,0.0,0.0,1,1,0
6960,1.0,0.0,1,2,0
6962,1.0,1.0,1,0,1
6964,0.0,1.0,1,0,0
6965,1.0,0.0,0,1,0
6966,1.0,1.0,1,0,1
6967,1.0,1.0,0,0,0
6968,1.0,1.0,1,0,0
6969,1.0,0.0,2,1,0
6970,0.0,1.0,1,2,0
6971,1.0,1.0,2,2,0
6972,0.0,0.0,1,2,0
6973,0.0,1.0,0,0,0
6975,0.0,0.0,1,2,1
6977,0.0,1.0,1,0,0
6978,0.0,0.0,0,0,1
6979,1.0,0.0,2,0,1
6980,1.0,0.0,1,1,1
6982,1.0,0.0,1,1,0
6983,1.0,0.0,2,2,1
6984,1.0,1.0,0,0,1
6985,1.0,1.0,1,2,0
6986,0.0,0.0,0,1,0
6987,0.0,1.0,0,0,1
6988,0.0,0.0,1,0,1
6989,0.0,0.0,1,2,0
6990,1.0,0.0,2,1,0
6992,0.0,1.0,0,1,1
6993,1.0,1.0,0,0,1
6994,0.0,1.0,1,1,0
6995,0.0,1.0,2,0,1
6997,0.0,0.0,0,0,1
6998,1.0,1.0,1,1,1
6999,0.0,0.0,1,2,0
7001,0.0,0.0,0,2,0
7002,0.0,0.0,2,2,0
7003,0.0,0.0,2,1,0
7004,0.0,0.0,1,0,1
7005,1.0,1.0,2,0,0
7006,0.0,0.0,2,0,1
7007,0.0,0.0,1,2,0
7008,0.0,1.0,2,2,1
7009,0.0,0.0,1,2,0
7010,0.0,0.0,1,2,1
7011,1.0,0.0,1,1,0
7013,0.0,0.0,1,2,0
7015,0.0,0.0,0,1,0
7017,0.0,0.0,1,1,1
7018,1.0,0.0,1,0,1
7020,0.0,0.0,0,0,1
7021,0.0,1.0,1,2,0
7022,0.0,1.0,2,1,1
7023,1.0,1.0,1,2,0
7024,1.0,0.0,2,1,0
7025,0.0,0.0,0,0,0
7026,0.0,0.0,2,2,0
7027,0.0,0.0,1,2,0
7028,0.0,0.0,1,2,1
7029,0.0,1.0,1,0,1
7030,1.0,0.0,1,2,0
7031,1.0,0.0,1,1,1
7032,1.0,1.0,2,0,1
7033,0.0,0.0,0,1,0
7036,0.0,1.0,1,1,1
7037,0.0,1.0,0,1,0
7038,1.0,1.0,2,2,1
7039,1.0,0.0,1,2,0
7040,0.0,0.0,1,2,0
7041,0.0,0.0,1,0,0
7042,0.0,1.0,1,1,1
7043,0.0,0.0,1,1,0
7044,0.0,0.0,2,1,1
7045,0.0,0.0,0,2,0
7046,1.0,0.0,2,2,1
7047,0.0,0.0,1,2,0
7048,1.0,1.0,1,1,1
7049,0.0,0.0,1,0,1
7050,1.0,1.0,2,0,1
7051,0.0,0.0,0,1,0
7053,1.0,0.0,1,0,1
7054,0.0,1.0,0,0,0
7055,0.0,1.0,2,2,1
7057,0.0,0.0,0,2,0
7059,0.0,1.0,2,0,1
7060,0.0,0.0,0,1,0
7061,0.0,0.0,1,0,1
7062,0.0,0.0,1,2,0
7063,1.0,1.0,1,1,0
7064,1.0,1.0,2,1,1
7065,1.0,0.0,2,0,1
7066,1.0,0.0,0,1,0
7067,0.0,0.0,2,2,0
7068,1.0,1.0,1,1,0
7069,1.0,0.0,2,1,1
7070,0.0,0.0,2,1,0
7071,1.0,1.0,2,0,1
7072,1.0,0.0,1,0,1
7073,1.0,1.0,2,1,1
7074,0.0,1.0,2,2,0
7076,1.0,0.0,2,2,0
7077,0.0,0.0,1,2,0
7078,0.0,1.0,1,1,0
7079,0.0,0.0,0,0,0
7080,0.0,0.0,0,1,0
7081,1.0,0.0,1,2,1
7082,1.0,0.0,1,2,1
7083,0.0,0.0,0,2,0
7084,1.0,1.0,1,1,0
7085,1.0,0.0,1,2,0
7086,0.0,0.0,1,1,1
7087,1.0,0.0,1,1,1
7088,0.0,0.0,2,2,0
7090,1.0,0.0,1,2,0
7092,0.0,0.0,1,2,0
7094,0.0,0.0,0,1,0
7095,1.0,0.0,1,0,1
7097,0.0,0.0,0,1,1
7098,1.0,1.0,1,0,0
7100,0.0,0.0,1,1,0
7101,0.0,1.0,2,2,1
7102,0.0,0.0,1,1,0
7103,0.0,1.0,1,2,0
7104,0.0,1.0,1,0,0
7106,1.0,0.0,1,2,0
7107,0.0,0.0,1,1,1
7108,0.0,1.0,1,2,0
7109,0.0,0.0,1,1,0
7111,0.0,0.0,2,2,0
7112,0.0,0.0,1,0,1
7113,0.0,0.0,1,2,1
7114,0.0,1.0,1,2,1
7115,0.0,0.0,1,1,0
7116,0.0,0.0,0,1,0
7117,1.0,0.0,2,1,1
7118,0.0,0.0,2,2,0
7119,1.0,0.0,1,2,0
7120,1.0,1.0,1,0,1
7121,0.0,1.0,1,2,0
7122,0.0,0.0,0,0,1
7124,0.0,1.0,2,0,1
7126,1.0,0.0,2,0,1
7129,1.0,0.0,0,1,1
7130,0.0,0.0,1,1,0
7131,1.0,0.0,1,2,0
7133,0.0,0.0,1,1,0
7134,0.0,0.0,1,2,0
7135,0.0,0.0,2,2,1
7136,1.0,1.0,2,2,1
7137,0.0,0.0,1,1,1
7138,0.0,0.0,1,2,0
7139,0.0,0.0,1,2,0
7140,1.0,1.0,1,2,0
7141,1.0,1.0,1,2,0
7142,0.0,0.0,0,0,1
7143,0.0,0.0,0,1,0
7144,1.0,0.0,1,1,1
7145,1.0,0.0,1,2,0
7147,1.0,1.0,1,2,1
7148,0.0,0.0,0,0,0
7149,0.0,0.0,2,2,0
7150,0.0,0.0,1,2,0
7151,1.0,0.0,1,1,1
7152,0.0,1.0,1,2,0
7153,1.0,0.0,1,2,1
7154,0.0,1.0,1,1,1
7155,1.0,1.0,2,2,1
7156,0.0,1.0,1,0,1
7157,1.0,1.0,1,1,0
7158,0.0,0.0,0,1,1
7159,0.0,1.0,2,2,1
7160,0.0,0.0,1,2,0
7162,0.0,0.0,1,2,1
7163,1.0,1.0,1,0,1
7165,0.0,0.0,0,0,0
7166,1.0,1.0,2,1,1
7167,1.0,1.0,1,1,1
7168,1.0,1.0,1,0,0
7169,0.0,1.0,0,0,0
7170,0.0,0.0,0,0,0
7171,0.0,1.0,1,1,1
7172,0.0,1.0,2,2,0
7173,1.0,0.0,2,2,1
7174,0.0,0.0,0,1,0
7175,1.0,1.0,2,0,0
7177,1.0,0.0,1,1,1
7178,1.0,0.0,0,1,1
7179,1.0,0.0,2,1,1
7180,1.0,1.0,2,1,1
7181,0.0,1.0,2,2,0
7182,1.0,0.0,2,1,1
7183,0.0,0.0,0,0,0
7184,1.0,1.0,1,2,0
7185,1.0,0.0,1,2,1
7186,0.0,0.0,1,2,1
7187,1.0,0.0,2,2,0
7188,1.0,1.0,1,0,1
7189,0.0,1.0,1,1,0
7190,0.0,1.0,0,1,0
7191,1.0,0.0,2,1,1
7192,1.0,0.0,1,0,1
7193,0.0,0.0,1,1,1
7194,1.0,1.0,1,1,0
7195,0.0,1.0,1,2,0
7196,0.0,1.0,1,0,1
7197,0.0,0.0,1,1,1
7198,0.0,0.0,1,2,1
7199,1.0,0.0,0,0,1
7200,0.0,1.0,0,0,0
7201,0.0,0.0,1,2,0
7204,0.0,1.0,1,1,1
7205,1.0,1.0,0,2,0
7206,1.0,1.0,0,0,0
7207,0.0,1.0,1,0,0
7208,0.0,0.0,0,0,1
7209,0.0,0.0,0,0,1
7210,0.0,0.0,0,0,1
7212,0.0,1.0,1,1,1
